"sample_month","party_brand_index_10","q1_stance_republican_10","q1_stance_democratic_10","post_breakpoint","affiliation_recognizability","conditional_psi","observed_unconditional_psi","ingroup_self_positioning","emotional_intensity","outgroup_construction","republican_skew","democratic_skew","direction_slope"
"2022-03",4.303174699727,3.67321874709326,1.6763207584785,0,0.543369179776624,0.162043629980007,0.0882538226625921,0.016501827591041,0.186891307717136,0.282737754631843,0.191319404435977,0.755652256775994,-0.0415519678517278
"2022-04",5.20434050283039,4.1447340463216,1.22599285235391,0,0.563589480078837,0.169073033683992,0.0950322290179789,0.0211311598300946,0.185631812278279,0.300456128943602,0.154111652162706,0.799624868988977,-0.0472682789109214
"2022-05",5.57207347683465,4.90965246976188,1.23948264593713,0,0.580423528543691,0.159561243885433,0.0927064850316397,0.0194291418647402,0.199756601142503,0.259497988649057,0.318705299621063,0.633909088672841,-0.0446901354310986
"2022-06",4.42758810589872,2.54661107224478,1.13152790642297,0,0.401951083227429,0.141734205240981,0.0552017430938556,0.0281978410157053,0.168465412309148,0.228539362398088,0.233587838803279,0.714749763951945,-0.0307870642171221
"2022-07",5.61929996959973,5.21444757974423,1.2447162384105,0,0.523158444012229,0.129727771498956,0.066996993401642,0.0187915807743003,0.140728413786574,0.229663319935994,0.33310714535296,0.605290486280665,-0.034135485226003
"2022-08",5.33869749222182,3.30933612837639,0.960018929212431,0,0.365965345351697,0.124088993569733,0.0441525953864398,0.0164281353481614,0.147901423285675,0.207937422075361,0.215888556898032,0.751827816954304,-0.0412110112629088
"2022-09",5.38995358496404,5.26345476384259,1.22982098938562,0,0.567334684740892,0.189631119534324,0.107656106554532,0.0136901021162645,0.212279389089119,0.342923867397589,0.107718878946815,0.854652562722566,-0.0625278189710457
"2022-10",6.45606647562939,5.94455566058908,2.01007876396608,0,0.528090659481083,0.171853473153025,0.0900977707331433,0.0312575260055564,0.201365214084176,0.282937679369343,0.150056423782831,0.803493542471654,-0.0447850983832058
"2022-11",5.2616024215582,5.9128593392043,2.34414986347361,0,0.563622554153671,0.163203043566916,0.0907857568049032,0.0152357773996811,0.185366478964103,0.289006874336965,0.149674746938155,0.810546957471949,-0.0338890660002652
"2022-12",6.4108962067478,5.47050685868323,1.3083433162824,0,0.618353128122214,0.192773949812703,0.119894820656579,0.0125465837684542,0.220666429473187,0.345108836196467,0.0849606915586912,0.883124332171851,-0.0540294711262298
"2023-01",5.4067472173348,4.86579155303269,1.68614369087248,0,0.486074936413796,0.165453407174144,0.078864168372309,0.0142069724951928,0.1849317945517,0.297221454475538,0.171205326787613,0.779464943022682,-0.0444634432147573
"2023-02",5.41008891906186,4.89397307140431,1.35523583948138,0,0.626039070919569,0.169404533970998,0.106141783297269,0.0134994048504599,0.195496195776767,0.299218001285767,0.13333880766702,0.820588330136895,-0.0373101600265306
"2023-03",6.16385485132889,5.75617777059671,2.04359932385212,0,0.672072121187561,0.176662054549899,0.119810955084092,0.0118475092367321,0.209786393550576,0.308352260862388,0.116282841024526,0.843045592697342,-0.0548246732360984
"2023-04",5.40868091137659,5.68589748072688,2.43610753369787,0,0.647358248611285,0.168510880052984,0.10884182773903,0.00994190490672604,0.181943455176381,0.313647280075847,0.0867076489341266,0.883459268791407,-0.0468715702729739
"2023-05",5.04263133359367,4.92562497402639,2.17569485044929,0,0.519962213119176,0.14796910454169,0.0776043215346932,0.0119534093227726,0.175727859033299,0.256226045268999,0.18604209397986,0.75256559832811,-0.0535815555844647
"2023-06",5.1899771949312,4.48021936614483,1.90889515810667,0,0.558300594168613,0.154192355090436,0.0852348296773102,0.0112476543163202,0.191327455945776,0.260001955009212,0.161175395641815,0.800139392883725,-0.0395897332934059
"2023-07",4.79535313148942,4.83493707116362,1.89662905650804,0,0.507604500574121,0.170359832289168,0.0857791084462304,0.0118652032120392,0.2003928916416,0.298821402013864,0.12159523404089,0.842237295853251,-0.0300696675033277
"2023-08",5.2939953409769,5.40222342992691,2.42411510857182,0,0.647289511988967,0.172276753535847,0.112269327789333,0.0160714252161429,0.199553617029672,0.301205218361725,0.128533450327837,0.836007523391505,-0.0530538842612524
"2023-09",6.24553844132985,5.59433528709412,1.46714211653279,1,0.508457506026362,0.162044815430374,0.0815197828392828,0.0159055945273805,0.187715416833756,0.282513434929986,0.217704709469945,0.728624094618574,-0.0531036880885696
"2023-10",6.14865365026957,5.58084439422045,1.50283035970836,1,0.505301626524148,0.152541341509769,0.0763134713557568,0.0159279812089159,0.175545200741561,0.266150842578829,0.198549661127129,0.740545055795917,-0.0376924670305133
"2023-11",5.75910398908809,5.29377900564317,1.69949486085165,1,0.6091559002905,0.166490924095523,0.10157909556836,0.0131005117954488,0.180997133109297,0.305375127381823,0.121401962346496,0.81872253385445,-0.022760471290142
"2023-12",6.11984321948073,5.57203807073576,1.52970996459137,1,0.619626527091608,0.186361223970535,0.115445282342337,0.0248587673413299,0.207877752682948,0.326347151887327,0.224833558294892,0.729922460792366,-0.0448826589833994
"2024-01",5.86446518557328,5.56971130952966,1.62945913164201,1,0.609882626653994,0.17092439634254,0.103786525346732,0.0153061277911122,0.187849179579328,0.30961788165718,0.160968160922782,0.784079948451777,-0.0465912758345445
"2024-02",6.13012455814531,5.73176313927845,1.54284302646176,1,0.662823613181255,0.185236386514372,0.123622859091145,0.0155383906094514,0.212182881314292,0.327987887619374,0.136762289162295,0.818049242328956,-0.0579943889093706
"2024-03",6.33417150095075,5.79349704540993,1.60520966942232,1,0.658149339546852,0.179743674186453,0.11947002377751,0.0165360238046059,0.202444186525992,0.320250812228761,0.0861482139886854,0.866241096524431,-0.0421718435447967
"2024-04",5.58805355543685,4.99921358130687,1.48044644982227,1,0.61631149239109,0.164755240739371,0.101867975975313,0.0165775169327151,0.183473247902751,0.294214957382647,0.120474762869229,0.82062428870198,-0.0445540234561053
"2024-05",5.40377413524625,5.43410248637374,1.85319039584397,1,0.459481058585516,0.155298331003184,0.0704757417842652,0.0111005364658217,0.199815381007117,0.254979075536614,0.183286661296108,0.754116455466418,-0.0345635479666336
"2024-06",6.82335444553398,6.10591129231591,1.45770372488522,1,0.690366785651275,0.176061170490195,0.1223173917085,0.0141885609557672,0.192582775928844,0.321412174585975,0.126828252279015,0.838760469205537,-0.0607321013011251
"2024-07",6.53496306081673,5.75591632346402,1.55051065217779,1,0.65840106673052,0.124691094788071,0.0837945795343699,0.0328943434148078,0.159146369518486,0.182032571430921,0.30142236738812,0.575518981980143,-0.00819548797326976
"2024-08",6.47480313134927,6.05821788635604,2.00803645424212,1,0.46518247579641,0.137503562457083,0.0643347673507303,0.0102938284057206,0.174055672497916,0.228161186467613,0.163475600130491,0.761256378075129,-0.0487152036876688
"2024-09",6.15351244085297,6.0142914734829,2.17401165373844,1,0.705432575602136,0.172957257837883,0.122488940649466,0.0122221286496602,0.208244048347276,0.298405596516713,0.0717635035162363,0.890058192767837,-0.0532844714292616
"2024-10",6.02671736550006,6.05369384351724,2.04506877951771,1,0.651145901638296,0.172564523368476,0.113121055891507,0.00916227372852593,0.223348954631868,0.285182341745035,0.103453648503913,0.854495123426237,-0.0470373312982962
"2024-11",6.3062194660326,5.93843912476569,1.82975920168473,1,0.596268538658334,0.143621585607036,0.0860358424519477,0.0214368262267626,0.185551997439141,0.223875933155205,0.253187586888962,0.681829267742883,-0.026657641400651
"2024-12",6.16353611998906,5.83899604952418,2.3453040905629,1,0.602615048491123,0.133844268328781,0.0815010691569658,0.0136747857385726,0.167363226734468,0.220494792513304,0.2325161563667,0.701904767334157,-0.0263831221098549
