"method_id","derivative_id","role","sample_month","conditional_psi_mean","ci_lower","ci_upper","confidence_level","interval_method","quantile_type","bootstrap_stage","bootstrap_seed","bootstrap_replications","bootstrap_valid_replications","resampling_unit"
"P4-METHOD-2026-08-04-v3","P4-MONTHLY-CPS-DISPLAY-INTERVAL-2026-08-17-v1","descriptive_figure_support_not_confirmatory_inference","2022-03",0.162043629980007,0.149274576705443,0.175557491941393,0.95,"pointwise_percentile_bootstrap",6,"initial",20260804,10000,10000,"submission_id"
"P4-METHOD-2026-08-04-v3","P4-MONTHLY-CPS-DISPLAY-INTERVAL-2026-08-17-v1","descriptive_figure_support_not_confirmatory_inference","2022-04",0.169073033683992,0.149731559358395,0.181299227713311,0.95,"pointwise_percentile_bootstrap",6,"initial",20260804,10000,10000,"submission_id"
"P4-METHOD-2026-08-04-v3","P4-MONTHLY-CPS-DISPLAY-INTERVAL-2026-08-17-v1","descriptive_figure_support_not_confirmatory_inference","2022-05",0.159561243885433,0.148162613428893,0.175584312944938,0.95,"pointwise_percentile_bootstrap",6,"initial",20260804,10000,10000,"submission_id"
"P4-METHOD-2026-08-04-v3","P4-MONTHLY-CPS-DISPLAY-INTERVAL-2026-08-17-v1","descriptive_figure_support_not_confirmatory_inference","2022-06",0.141734205240981,0.119542968088052,0.162374531864151,0.95,"pointwise_percentile_bootstrap",6,"initial",20260804,10000,10000,"submission_id"
"P4-METHOD-2026-08-04-v3","P4-MONTHLY-CPS-DISPLAY-INTERVAL-2026-08-17-v1","descriptive_figure_support_not_confirmatory_inference","2022-07",0.129727771498956,0.125217717048343,0.179052371591288,0.95,"pointwise_percentile_bootstrap",6,"initial",20260804,10000,10000,"submission_id"
"P4-METHOD-2026-08-04-v3","P4-MONTHLY-CPS-DISPLAY-INTERVAL-2026-08-17-v1","descriptive_figure_support_not_confirmatory_inference","2022-08",0.124088993569733,0.0960676215185186,0.153683753759517,0.95,"pointwise_percentile_bootstrap",6,"initial",20260804,10000,10000,"submission_id"
"P4-METHOD-2026-08-04-v3","P4-MONTHLY-CPS-DISPLAY-INTERVAL-2026-08-17-v1","descriptive_figure_support_not_confirmatory_inference","2022-09",0.189631119534324,0.166813216970836,0.204083311187491,0.95,"pointwise_percentile_bootstrap",6,"initial",20260804,10000,10000,"submission_id"
"P4-METHOD-2026-08-04-v3","P4-MONTHLY-CPS-DISPLAY-INTERVAL-2026-08-17-v1","descriptive_figure_support_not_confirmatory_inference","2022-10",0.171853473153025,0.160828385937651,0.18012774284743,0.95,"pointwise_percentile_bootstrap",6,"initial",20260804,10000,10000,"submission_id"
"P4-METHOD-2026-08-04-v3","P4-MONTHLY-CPS-DISPLAY-INTERVAL-2026-08-17-v1","descriptive_figure_support_not_confirmatory_inference","2022-11",0.163203043566916,0.123160618268569,0.188856879833561,0.95,"pointwise_percentile_bootstrap",6,"initial",20260804,10000,10000,"submission_id"
"P4-METHOD-2026-08-04-v3","P4-MONTHLY-CPS-DISPLAY-INTERVAL-2026-08-17-v1","descriptive_figure_support_not_confirmatory_inference","2022-12",0.192773949812703,0.183628460262193,0.199798187613072,0.95,"pointwise_percentile_bootstrap",6,"initial",20260804,10000,10000,"submission_id"
"P4-METHOD-2026-08-04-v3","P4-MONTHLY-CPS-DISPLAY-INTERVAL-2026-08-17-v1","descriptive_figure_support_not_confirmatory_inference","2023-01",0.165453407174144,0.13346259234297,0.188269567615254,0.95,"pointwise_percentile_bootstrap",6,"initial",20260804,10000,10000,"submission_id"
"P4-METHOD-2026-08-04-v3","P4-MONTHLY-CPS-DISPLAY-INTERVAL-2026-08-17-v1","descriptive_figure_support_not_confirmatory_inference","2023-02",0.169404533970998,0.157618790809417,0.180757732982129,0.95,"pointwise_percentile_bootstrap",6,"initial",20260804,10000,10000,"submission_id"
"P4-METHOD-2026-08-04-v3","P4-MONTHLY-CPS-DISPLAY-INTERVAL-2026-08-17-v1","descriptive_figure_support_not_confirmatory_inference","2023-03",0.176662054549899,0.164916134696415,0.193872529805989,0.95,"pointwise_percentile_bootstrap",6,"initial",20260804,10000,10000,"submission_id"
"P4-METHOD-2026-08-04-v3","P4-MONTHLY-CPS-DISPLAY-INTERVAL-2026-08-17-v1","descriptive_figure_support_not_confirmatory_inference","2023-04",0.168510880052984,0.144394517232278,0.195127252108566,0.95,"pointwise_percentile_bootstrap",6,"initial",20260804,10000,10000,"submission_id"
"P4-METHOD-2026-08-04-v3","P4-MONTHLY-CPS-DISPLAY-INTERVAL-2026-08-17-v1","descriptive_figure_support_not_confirmatory_inference","2023-05",0.14796910454169,0.126902105762959,0.158956252072631,0.95,"pointwise_percentile_bootstrap",6,"initial",20260804,10000,10000,"submission_id"
"P4-METHOD-2026-08-04-v3","P4-MONTHLY-CPS-DISPLAY-INTERVAL-2026-08-17-v1","descriptive_figure_support_not_confirmatory_inference","2023-06",0.154192355090436,0.136595561419205,0.166458950276226,0.95,"pointwise_percentile_bootstrap",6,"initial",20260804,10000,10000,"submission_id"
"P4-METHOD-2026-08-04-v3","P4-MONTHLY-CPS-DISPLAY-INTERVAL-2026-08-17-v1","descriptive_figure_support_not_confirmatory_inference","2023-07",0.170359832289168,0.149823160625826,0.187632843606239,0.95,"pointwise_percentile_bootstrap",6,"initial",20260804,10000,10000,"submission_id"
"P4-METHOD-2026-08-04-v3","P4-MONTHLY-CPS-DISPLAY-INTERVAL-2026-08-17-v1","descriptive_figure_support_not_confirmatory_inference","2023-08",0.172276753535847,0.150939759019232,0.185113633540551,0.95,"pointwise_percentile_bootstrap",6,"initial",20260804,10000,10000,"submission_id"
"P4-METHOD-2026-08-04-v3","P4-MONTHLY-CPS-DISPLAY-INTERVAL-2026-08-17-v1","descriptive_figure_support_not_confirmatory_inference","2023-09",0.162044815430374,0.145174044538502,0.179644141117423,0.95,"pointwise_percentile_bootstrap",6,"initial",20260804,10000,10000,"submission_id"
"P4-METHOD-2026-08-04-v3","P4-MONTHLY-CPS-DISPLAY-INTERVAL-2026-08-17-v1","descriptive_figure_support_not_confirmatory_inference","2023-10",0.152541341509769,0.137280383145028,0.166416009985883,0.95,"pointwise_percentile_bootstrap",6,"initial",20260804,10000,10000,"submission_id"
"P4-METHOD-2026-08-04-v3","P4-MONTHLY-CPS-DISPLAY-INTERVAL-2026-08-17-v1","descriptive_figure_support_not_confirmatory_inference","2023-11",0.166490924095523,0.15657532799823,0.180965450285706,0.95,"pointwise_percentile_bootstrap",6,"initial",20260804,10000,10000,"submission_id"
"P4-METHOD-2026-08-04-v3","P4-MONTHLY-CPS-DISPLAY-INTERVAL-2026-08-17-v1","descriptive_figure_support_not_confirmatory_inference","2023-12",0.186361223970535,0.170099202985726,0.197127206386169,0.95,"pointwise_percentile_bootstrap",6,"initial",20260804,10000,10000,"submission_id"
"P4-METHOD-2026-08-04-v3","P4-MONTHLY-CPS-DISPLAY-INTERVAL-2026-08-17-v1","descriptive_figure_support_not_confirmatory_inference","2024-01",0.17092439634254,0.150331947844715,0.192127517256985,0.95,"pointwise_percentile_bootstrap",6,"initial",20260804,10000,10000,"submission_id"
"P4-METHOD-2026-08-04-v3","P4-MONTHLY-CPS-DISPLAY-INTERVAL-2026-08-17-v1","descriptive_figure_support_not_confirmatory_inference","2024-02",0.185236386514372,0.17100937832053,0.197873219651455,0.95,"pointwise_percentile_bootstrap",6,"initial",20260804,10000,10000,"submission_id"
"P4-METHOD-2026-08-04-v3","P4-MONTHLY-CPS-DISPLAY-INTERVAL-2026-08-17-v1","descriptive_figure_support_not_confirmatory_inference","2024-03",0.179743674186453,0.169038584338115,0.195301389600025,0.95,"pointwise_percentile_bootstrap",6,"initial",20260804,10000,10000,"submission_id"
"P4-METHOD-2026-08-04-v3","P4-MONTHLY-CPS-DISPLAY-INTERVAL-2026-08-17-v1","descriptive_figure_support_not_confirmatory_inference","2024-04",0.164755240739371,0.156163360327458,0.174666265278489,0.95,"pointwise_percentile_bootstrap",6,"initial",20260804,10000,10000,"submission_id"
"P4-METHOD-2026-08-04-v3","P4-MONTHLY-CPS-DISPLAY-INTERVAL-2026-08-17-v1","descriptive_figure_support_not_confirmatory_inference","2024-05",0.155298331003184,0.118476866627026,0.188856468413013,0.95,"pointwise_percentile_bootstrap",6,"initial",20260804,10000,10000,"submission_id"
"P4-METHOD-2026-08-04-v3","P4-MONTHLY-CPS-DISPLAY-INTERVAL-2026-08-17-v1","descriptive_figure_support_not_confirmatory_inference","2024-06",0.176061170490195,0.145505240811099,0.195458403806266,0.95,"pointwise_percentile_bootstrap",6,"initial",20260804,10000,10000,"submission_id"
"P4-METHOD-2026-08-04-v3","P4-MONTHLY-CPS-DISPLAY-INTERVAL-2026-08-17-v1","descriptive_figure_support_not_confirmatory_inference","2024-07",0.124691094788071,0.117008348125722,0.130924452229386,0.95,"pointwise_percentile_bootstrap",6,"initial",20260804,10000,10000,"submission_id"
"P4-METHOD-2026-08-04-v3","P4-MONTHLY-CPS-DISPLAY-INTERVAL-2026-08-17-v1","descriptive_figure_support_not_confirmatory_inference","2024-08",0.137503562457083,0.113832531651545,0.171401847257295,0.95,"pointwise_percentile_bootstrap",6,"initial",20260804,10000,10000,"submission_id"
"P4-METHOD-2026-08-04-v3","P4-MONTHLY-CPS-DISPLAY-INTERVAL-2026-08-17-v1","descriptive_figure_support_not_confirmatory_inference","2024-09",0.172957257837883,0.159558386605533,0.186198651708624,0.95,"pointwise_percentile_bootstrap",6,"initial",20260804,10000,10000,"submission_id"
"P4-METHOD-2026-08-04-v3","P4-MONTHLY-CPS-DISPLAY-INTERVAL-2026-08-17-v1","descriptive_figure_support_not_confirmatory_inference","2024-10",0.172564523368476,0.148150036105543,0.197830222897657,0.95,"pointwise_percentile_bootstrap",6,"initial",20260804,10000,10000,"submission_id"
"P4-METHOD-2026-08-04-v3","P4-MONTHLY-CPS-DISPLAY-INTERVAL-2026-08-17-v1","descriptive_figure_support_not_confirmatory_inference","2024-11",0.143621585607036,0.133604862843154,0.151161713268861,0.95,"pointwise_percentile_bootstrap",6,"initial",20260804,10000,10000,"submission_id"
"P4-METHOD-2026-08-04-v3","P4-MONTHLY-CPS-DISPLAY-INTERVAL-2026-08-17-v1","descriptive_figure_support_not_confirmatory_inference","2024-12",0.133844268328781,0.121399276060428,0.145069959552654,0.95,"pointwise_percentile_bootstrap",6,"initial",20260804,10000,10000,"submission_id"
