year_month,party,dimension,mean,raw_iqr,n_articles
2022-03,democrat,q1,16.763207584784993,20.0,953
2022-03,democrat,q2,7.600008317856627,10.0,733
2022-03,democrat,q3,9.870465031384162,15.5,511
2022-03,democrat,q4,15.700784160825757,20.0,583
2022-03,republican,q1,36.73218747093259,61.25,258
2022-03,republican,q2,29.41863226897222,51.666666666666664,253
2022-03,republican,q3,7.420026775050876,0.0,90
2022-03,republican,q4,28.47045457918285,60.0,83
2022-04,democrat,q1,12.25992852353915,15.0,469
2022-04,democrat,q2,9.091840366464895,10.0,335
2022-04,democrat,q3,6.8921954139757995,10.0,170
2022-04,democrat,q4,15.622295697052822,20.0,271
2022-04,republican,q1,41.44734046321596,54.22222222222223,71
2022-04,republican,q2,39.362007053693524,70.0,64
2022-04,republican,q3,10.823805187149452,25.0,13
2022-04,republican,q4,37.86551067515012,68.21428571428572,22
2022-05,democrat,q1,12.394826459371323,15.0,398
2022-05,democrat,q2,9.060159617742693,10.0,254
2022-05,democrat,q3,20.3414227652433,30.0,127
2022-05,democrat,q4,12.506030289287704,20.0,203
2022-05,republican,q1,49.09652469761884,56.25,119
2022-05,republican,q2,21.89767059609003,32.5,65
2022-05,republican,q3,14.121878815655997,10.0,17
2022-05,republican,q4,44.59899886139997,58.33333333333333,50
2022-06,democrat,q1,11.315279064229719,15.0,247
2022-06,democrat,q2,12.296484078616924,20.0,153
2022-06,democrat,q3,10.422311653528961,12.5,80
2022-06,democrat,q4,8.629681545687783,10.0,118
2022-06,republican,q1,25.466110722447812,36.666666666666664,15
2022-06,republican,q2,24.333053224571554,27.5,8
2022-06,republican,q3,5.5788589130225965,,3
2022-06,republican,q4,19.839465655706633,55.0,7
2022-07,democrat,q1,12.447162384105019,10.0,121
2022-07,democrat,q2,13.190795623462282,20.0,74
2022-07,democrat,q3,12.202898409896,10.0,36
2022-07,democrat,q4,12.571140882490424,20.0,51
2022-07,republican,q1,52.14447579744226,72.5,12
2022-07,republican,q2,36.77622660637882,60.0,11
2022-07,republican,q3,28.515451191515357,30.0,8
2022-07,republican,q4,35.810446350208274,45.0,4
2022-08,democrat,q1,9.600189292124305,10.0,119
2022-08,democrat,q2,8.46442800680209,10.0,65
2022-08,democrat,q3,9.67464968716301,10.0,40
2022-08,democrat,q4,7.230680385977586,10.0,55
2022-08,republican,q1,33.09336128376389,41.25,15
2022-08,republican,q2,24.2535498524165,20.0,9
2022-08,republican,q3,0.0,0.0,4
2022-08,republican,q4,19.228786562009315,40.0,6
2022-09,democrat,q1,12.298209893856157,20.0,163
2022-09,democrat,q2,6.819867607356415,10.0,134
2022-09,democrat,q3,11.574780477582896,10.0,74
2022-09,democrat,q4,11.153958456245496,20.0,71
2022-09,republican,q1,52.634547638425914,63.75,29
2022-09,republican,q2,37.77419808690624,53.33333333333333,19
2022-09,republican,q3,42.98283923065957,72.5,10
2022-09,republican,q4,46.78020818378,58.75,10
2022-10,democrat,q1,20.100787639660773,20.0,202
2022-10,democrat,q2,10.870354187776565,10.0,154
2022-10,democrat,q3,5.447249859782547,1.25,64
2022-10,democrat,q4,14.098051040201229,20.0,77
2022-10,republican,q1,59.44555660589076,23.92857142857143,87
2022-10,republican,q2,31.42517176202185,50.0,50
2022-10,republican,q3,16.03369688452275,25.0,13
2022-10,republican,q4,56.25225479130277,30.0,43
2022-11,democrat,q1,23.441498634736146,41.25,142
2022-11,democrat,q2,17.371813965200438,20.0,88
2022-11,democrat,q3,18.328151877542044,20.0,37
2022-11,democrat,q4,22.15524368457111,22.5,60
2022-11,republican,q1,59.128593392043,32.5,91
2022-11,republican,q2,26.524848669958004,22.5,31
2022-11,republican,q3,16.45690934139947,20.0,17
2022-11,republican,q4,52.34410196736381,32.0,36
2022-12,democrat,q1,13.083433162823965,15.625,236
2022-12,democrat,q2,9.100850858255251,10.0,143
2022-12,democrat,q3,10.81972190039361,17.5,54
2022-12,democrat,q4,9.656595510322203,10.0,113
2022-12,republican,q1,54.70506858683234,33.75,97
2022-12,republican,q2,34.58994285005839,40.9375,46
2022-12,republican,q3,14.50036385740552,25.0,10
2022-12,republican,q4,56.49384236099913,45.0,37
2023-01,democrat,q1,16.861436908724805,17.5,218
2023-01,democrat,q2,11.429443181752765,10.0,116
2023-01,democrat,q3,16.031960430581,20.0,48
2023-01,democrat,q4,10.452599085436832,12.5,71
2023-01,republican,q1,48.65791553032688,47.5,57
2023-01,republican,q2,40.6289775509649,62.5,23
2023-01,republican,q3,0.0,,1
2023-01,republican,q4,49.05339236726731,72.5,24
2023-02,democrat,q1,13.5523583948138,18.0,396
2023-02,democrat,q2,8.81414748787231,10.0,346
2023-02,democrat,q3,9.046637510730903,10.0,161
2023-02,democrat,q4,10.778615659606496,10.0,208
2023-02,republican,q1,48.93973071404313,55.0,115
2023-02,republican,q2,30.422778349118918,48.333333333333336,54
2023-02,republican,q3,39.494249374689964,70.0,31
2023-02,republican,q4,42.63426743682137,53.125,36
2023-03,democrat,q1,20.435993238521203,21.25,156
2023-03,democrat,q2,11.445684287334263,12.5,92
2023-03,democrat,q3,16.81719426315359,25.0,41
2023-03,democrat,q4,13.596249648192304,18.75,58
2023-03,republican,q1,57.56177770596708,26.904761904761905,143
2023-03,republican,q2,48.064742783616545,40.0,109
2023-03,republican,q3,43.985243859407284,70.0,47
2023-03,republican,q4,59.28255839068441,30.0,79
2023-04,democrat,q1,24.361075336978733,30.0,89
2023-04,democrat,q2,16.053115825506694,20.0,56
2023-04,democrat,q3,18.40523623381875,30.0,29
2023-04,democrat,q4,18.444822954342918,20.0,37
2023-04,republican,q1,56.858974807268815,32.5,30
2023-04,republican,q2,43.41160882460232,19.125,15
2023-04,republican,q3,60.9410856239073,30.0,7
2023-04,republican,q4,54.901496496605574,42.5,11
2023-05,democrat,q1,21.756948504492904,27.500000000000004,147
2023-05,democrat,q2,13.879296483506517,16.25,72
2023-05,democrat,q3,14.771631781520194,22.5,28
2023-05,democrat,q4,11.434820823461697,10.0,55
2023-05,republican,q1,49.25624974026392,38.03125,46
2023-05,republican,q2,34.88929080611284,55.0,28
2023-05,republican,q3,49.32344497368182,82.8125,10
2023-05,republican,q4,38.370306490345754,57.5,18
2023-06,democrat,q1,19.088951581066723,15.0,121
2023-06,democrat,q2,17.39271005709866,20.0,70
2023-06,democrat,q3,9.05632298143727,10.0,32
2023-06,democrat,q4,12.793649410755048,20.0,54
2023-06,republican,q1,44.802193661448314,45.0,57
2023-06,republican,q2,32.46685298290887,47.5,38
2023-06,republican,q3,17.472795858266466,23.75,14
2023-06,republican,q4,40.66944255011521,44.6875,22
2023-07,democrat,q1,18.96629056508042,23.541666666666664,256
2023-07,democrat,q2,20.39927281176154,30.83333333333333,195
2023-07,democrat,q3,7.0016802983439375,10.0,84
2023-07,democrat,q4,7.548372014387355,10.0,142
2023-07,republican,q1,48.34937071163618,60.416666666666664,92
2023-07,republican,q2,30.302309434084584,50.0,62
2023-07,republican,q3,18.180590314600302,20.0,23
2023-07,republican,q4,43.49300706329264,37.5,41
2023-08,democrat,q1,24.241151085718222,28.208333333333332,120
2023-08,democrat,q2,29.635560504893434,50.0,72
2023-08,democrat,q3,17.065136626187925,20.0,33
2023-08,democrat,q4,13.768222827721887,20.0,63
2023-08,republican,q1,54.02223429926914,33.0,86
2023-08,republican,q2,37.812500175152344,58.75,50
2023-08,republican,q3,26.25783895230449,50.0,21
2023-08,republican,q4,46.00119644188783,51.25,40
2023-09,democrat,q1,14.671421165327924,16.666666666666668,252
2023-09,democrat,q2,14.13981049038205,15.625,132
2023-09,democrat,q3,8.381233358133924,10.0,46
2023-09,democrat,q4,14.782218733595428,20.0,94
2023-09,republican,q1,55.94335287094118,36.70833333333333,178
2023-09,republican,q2,34.3424632695711,50.0,84
2023-09,republican,q3,27.16889488121944,25.0,19
2023-09,republican,q4,52.89597130160673,41.25,76
2023-10,democrat,q1,15.028303597083568,20.0,255
2023-10,democrat,q2,11.16452922606653,10.0,86
2023-10,democrat,q3,27.202159759957496,49.0,38
2023-10,democrat,q4,18.604519657862777,23.75,148
2023-10,republican,q1,55.80844394220451,34.37499999999999,236
2023-10,republican,q2,33.82384276020797,56.5625,70
2023-10,republican,q3,36.10869776465478,50.0,26
2023-10,republican,q4,51.185630873394096,40.0,128
2023-11,democrat,q1,16.99494860851647,20.0,109
2023-11,democrat,q2,28.799874728031657,50.0,43
2023-11,democrat,q3,35.050203013317095,32.5,24
2023-11,democrat,q4,27.65717809440184,50.0,70
2023-11,republican,q1,52.9377900564317,38.92857142857143,147
2023-11,republican,q2,36.112296003074334,50.0,51
2023-11,republican,q3,30.864014826361075,50.0,13
2023-11,republican,q4,58.24378091244771,35.0,74
2023-12,democrat,q1,15.297099645913717,20.0,240
2023-12,democrat,q2,13.297327628798332,20.0,114
2023-12,democrat,q3,11.452799606733317,10.0,39
2023-12,democrat,q4,27.774082401951777,50.0,130
2023-12,republican,q1,55.72038070735756,34.70833333333333,258
2023-12,republican,q2,33.59272765684376,50.0,86
2023-12,republican,q3,13.517214235460727,21.25,24
2023-12,republican,q4,73.18177084424585,12.232142857142861,178
2024-01,democrat,q1,16.29459131642009,20.0,106
2024-01,democrat,q2,14.48702283039046,13.75,42
2024-01,democrat,q3,20.851020670016943,50.0,15
2024-01,democrat,q4,28.33080679487881,40.0,59
2024-01,republican,q1,55.69711309529663,41.5,138
2024-01,republican,q2,27.632228050446987,45.0,46
2024-01,republican,q3,19.67071159162382,50.0,13
2024-01,republican,q4,64.01301017580923,30.0,81
2024-02,democrat,q1,15.428430264617646,20.0,259
2024-02,democrat,q2,17.152763779421537,20.0,127
2024-02,democrat,q3,10.956919103332627,15.0,45
2024-02,democrat,q4,24.431597861756696,40.0,135
2024-02,republican,q1,57.31763139278454,36.666666666666664,455
2024-02,republican,q2,29.844186990464955,50.0,179
2024-02,republican,q3,18.677049678712738,41.66666666666667,63
2024-02,republican,q4,53.938858501527804,50.833333333333336,247
2024-03,democrat,q1,16.052096694223177,13.333333333333332,93
2024-03,democrat,q2,11.498738153312226,10.0,54
2024-03,democrat,q3,8.87403856384223,10.0,25
2024-03,democrat,q4,16.21743782503281,10.0,44
2024-03,republican,q1,57.93497045409927,40.0,160
2024-03,republican,q2,32.720551215913076,40.0,50
2024-03,republican,q3,22.472473567598076,50.0,23
2024-03,republican,q4,37.901414200125416,44.166666666666664,59
2024-04,democrat,q1,14.804464498222675,20.0,204
2024-04,democrat,q2,13.710507395952243,12.5,53
2024-04,democrat,q3,19.803172970670843,50.0,27
2024-04,democrat,q4,24.833338863256518,33.75,86
2024-04,republican,q1,49.992135813068735,43.74999999999999,380
2024-04,republican,q2,29.678567196562735,40.0,139
2024-04,republican,q3,27.94602282210201,50.0,52
2024-04,republican,q4,47.77458060939558,55.0,155
2024-05,democrat,q1,18.531903958439656,23.541666666666668,104
2024-05,democrat,q2,17.15938150698341,15.0,39
2024-05,democrat,q3,8.784427899250549,20.0,13
2024-05,democrat,q4,6.258673696691938,10.0,26
2024-05,republican,q1,54.341024863737445,47.25,63
2024-05,republican,q2,26.782967326826846,50.0,24
2024-05,republican,q3,38.15775185602947,57.5,12
2024-05,republican,q4,51.531251607278556,45.0,24
2024-06,democrat,q1,14.577037248852196,15.0,166
2024-06,democrat,q2,10.487889128734675,8.0,113
2024-06,democrat,q3,10.010278175056555,20.0,53
2024-06,democrat,q4,9.958315196735835,10.0,83
2024-06,republican,q1,61.059112923159134,30.0,70
2024-06,republican,q2,39.704570855818204,52.5,34
2024-06,republican,q3,36.909717796572835,45.833333333333336,10
2024-06,republican,q4,48.61505583858571,50.0,22
2024-07,democrat,q1,15.505106521777888,19.0,107
2024-07,democrat,q2,11.018796486488158,10.0,73
2024-07,democrat,q3,9.458970860784127,11.25,44
2024-07,democrat,q4,9.112068384899448,10.0,63
2024-07,republican,q1,57.55916323464024,26.666666666666664,123
2024-07,republican,q2,41.02934449647211,57.5,73
2024-07,republican,q3,32.45262436132794,70.0,25
2024-07,republican,q4,25.526700570498605,40.0,58
2024-08,democrat,q1,20.08036454242116,20.0,54
2024-08,democrat,q2,17.260552632240106,20.0,27
2024-08,democrat,q3,8.725890517453545,5.0,4
2024-08,democrat,q4,11.738738248950433,12.5,11
2024-08,republican,q1,60.582178863560415,25.0,36
2024-08,republican,q2,41.098316946823026,60.0,18
2024-08,republican,q3,27.220827000370516,,3
2024-08,republican,q4,56.672324777502816,55.0,6
2024-09,democrat,q1,21.74011653738444,23.833333333333332,126
2024-09,democrat,q2,12.983979935745612,20.0,65
2024-09,democrat,q3,5.307755317935717,0.0,23
2024-09,democrat,q4,9.609495507808608,15.0,36
2024-09,republican,q1,60.14291473482905,26.25,112
2024-09,republican,q2,49.72208608683983,29.91666666666667,84
2024-09,republican,q3,19.434874805772168,50.0,21
2024-09,republican,q4,49.17207151651953,47.5,24
2024-10,democrat,q1,20.450687795177142,28.333333333333332,69
2024-10,democrat,q2,11.532670092008876,11.25,34
2024-10,democrat,q3,4.031164344266126,10.0,17
2024-10,democrat,q4,14.549676655185273,20.0,29
2024-10,republican,q1,60.536938435172374,27.5,84
2024-10,republican,q2,50.753973425186835,32.857142857142854,53
2024-10,republican,q3,9.095400872096388,8.75,14
2024-10,republican,q4,38.08366914456665,60.0,24
2024-11,democrat,q1,18.29759201684732,22.36111111111111,187
2024-11,democrat,q2,16.08165622424494,20.0,78
2024-11,democrat,q3,11.94917434671972,20.0,48
2024-11,democrat,q4,11.20370650794285,15.0,43
2024-11,republican,q1,59.38439124765692,27.5,257
2024-11,republican,q2,38.096723409337166,38.33333333333333,151
2024-11,republican,q3,17.121619471902676,43.75,54
2024-11,republican,q4,24.828182377896926,50.0,77
2024-12,democrat,q1,23.453040905629006,20.0,59
2024-12,democrat,q2,13.414828615198818,20.0,25
2024-12,democrat,q3,7.566681326859306,10.0,10
2024-12,democrat,q4,13.552950124048321,12.5,16
2024-12,republican,q1,58.38996049524176,25.0,117
2024-12,republican,q2,32.42669157161143,30.0,65
2024-12,republican,q3,18.765633008914584,27.5,23
2024-12,republican,q4,29.780165974113775,50.0,38
