year_month,polarization,pol_ci_lower,pol_ci_upper,rep_raw_iqr,rep_raw_iqr_ci_lower,rep_raw_iqr_ci_upper,dem_raw_iqr,dem_raw_iqr_ci_lower,dem_raw_iqr_ci_upper,rep_n_articles,dem_n_articles,P,P_ci_lower,P_ci_upper,C_R,C_R_ci_lower,C_R_ci_upper,C_D,C_D_ci_lower,C_D_ci_upper,party_brand_index,pbi_ci_lower,pbi_ci_upper,max_pol_used,k_used,P_bootstrap_valid,C_R_bootstrap_valid,C_D_bootstrap_valid,pbi_bootstrap_valid
2022-03,19.968979886147594,15.738562713504086,24.262572654282575,61.25,48.333333333333336,70.0,20.0,16.0,23.33333333333333,258,953,0.4296060276237941,0.30104600618623795,0.5123466079657868,0.31635856295779563,0.28267301475749773,0.3743698083780775,0.5862960568842922,0.5459098921966113,0.6422589589419282,43.031746997270034,38.08171329160825,45.69165518639882,46.48207567430694,28.34375,5000,5000,5000,5000
2022-04,29.187411939676807,21.62974476134275,35.96966730593862,54.22222222222223,40.0,65.0,15.0,10.0,20.0,71,469,0.6279283254084586,0.41641767468719426,0.7609775646453941,0.3432860927709323,0.29731372387832306,0.40239562396511064,0.6539293439077145,0.577913971341679,0.746031746031746,52.043405028303894,44.98312080554706,56.732242651651916,46.48207567430694,28.34375,5000,5000,5000,5000
2022-05,36.701698238247516,31.671693703863756,41.75514027909105,56.25,40.61979166666667,65.0,15.0,10.0,20.0,119,398,0.7895881951445308,0.5848359673457031,0.8894691831706182,0.3350572589582564,0.2999738894033165,0.4069546113912741,0.6539293439077145,0.578019658951732,0.7398389088396226,55.72073476834652,49.143267721832025,61.57270233993375,46.48207567430694,28.34375,5000,5000,5000,5000
2022-06,14.150831658218094,-0.42578573326407476,31.593191625181895,36.666666666666664,10.0,90.0,15.0,12.0,20.0,15,247,0.3044363112648171,0.021318850206868703,0.6442230812500302,0.43598782246434875,0.2420201953221118,0.7290718579956399,0.6539293439077145,0.5761566008021887,0.6984170591313448,44.275881058987245,20.087406549228294,52.00872111438071,46.48207567430694,28.34375,5000,5000,5000,5000
2022-07,39.69731341333724,16.17254550628105,60.60302859917933,72.5,5.0,80.0,10.0,10.0,20.0,12,121,0.8540348690856766,0.3367369321185766,1.0,0.28106600557793615,0.2526340505806687,0.8489235302504634,0.73920130399348,0.5789473684210527,0.7479015231683313,56.19299969599727,41.08035917827288,84.9074198244318,46.48207567430694,28.34375,5000,4989,5000,4989
2022-08,23.493171991639585,5.044576354083075,43.098970431324645,41.25,10.0,82.5,10.0,10.0,15.0,15,119,0.5054243307947945,0.1014655201851631,0.8880354360280908,0.4072743601257297,0.2546478576692283,0.73734610123119,0.73920130399348,0.6423243329338619,0.749456830191215,53.38697492221824,36.298318617058854,60.96996057303828,46.48207567430694,28.34375,5000,5000,5000,5000
2022-09,40.33633774456976,30.37168079898251,48.97849876477676,63.75,25.0,70.0,20.0,10.0,20.0,29,163,0.8677826271615007,0.5801171719522858,1.0,0.3077706141839158,0.28066698863927586,0.5238095238095238,0.5862960568842922,0.5685393258426966,0.7330404173372799,53.89953584964042,47.52699206227355,67.51464052498869,46.48207567430694,28.34375,5000,5000,5000,5000
2022-10,39.344768966229985,34.11364586632637,44.57383346652505,23.92857142857143,15.499492296918767,39.54250408496731,20.0,13.333333333333329,30.0,87,202,0.8464503444706942,0.6285133801450737,0.9507514212505501,0.5422324707489965,0.4136825235094291,0.646566656286015,0.5862960568842922,0.4802432940415781,0.6815649406598293,64.56066475629389,54.1247642760061,70.96622136307619,46.48207567430694,28.34375,5000,5000,5000,5000
2022-11,35.68709475730685,29.531834725200188,41.41661361044005,32.5,22.493750000000002,37.1875,41.25,23.33333333333333,50.0,91,142,0.7677603514817425,0.5576244622391009,0.8841816627306156,0.4658448895737031,0.43006341570085277,0.5605372477705721,0.4072743601257297,0.3548387096774194,0.5438763400424915,52.616024215582,45.881602940049326,60.12188351271718,46.48207567430694,28.34375,5000,5000,5000,5000
2022-12,41.621635424008375,36.834028634356066,46.4376209646408,33.75,26.25,37.5,15.625,10.0,20.0,97,236,0.8954340962663768,0.6723309989926485,0.9953929025262209,0.45646703573225966,0.4239039257107649,0.5176470588235295,0.644633972992182,0.5750303443457135,0.7355371900826446,64.10896206747798,56.920522683081366,68.87044955777468,46.48207567430694,28.34375,5000,5000,5000,5000
2023-01,31.796478621602077,23.720911263716154,39.208101034511145,47.5,31.25,67.5,17.5,14.583333333333332,22.5,57,218,0.6840589229361296,0.45787312944339686,0.8269743966795112,0.37371240214256285,0.2906708125966421,0.47056380244692037,0.6182685753237901,0.5491057216095078,0.6631593476444735,54.06747217334802,43.95422168981299,60.95314352333954,46.48207567430694,28.34375,5000,5000,5000,5000
2023-02,35.38737231922933,30.339625146311604,40.48581545022835,55.0,35.5,65.0,18.0,13.0,20.0,115,396,0.7613122220957479,0.5605572087315515,0.8665893048882434,0.3400824896887889,0.29431679043991055,0.4385765919403165,0.6115981119352664,0.5742793791574279,0.6832527486112077,54.10088919061863,47.63212991657193,60.78094852352611,46.48207567430694,28.34375,5000,5000,5000,5000
2023-03,37.12578446744588,32.349852611702836,41.6908669255383,26.904761904761912,24.998863636363637,31.87604166666665,21.25,10.0,35.0,143,156,0.7987118459937286,0.5936197019382469,0.8927796308239553,0.5130228674549518,0.4618706344797955,0.541985091040654,0.571518588531821,0.44295302013422816,0.7288146535216815,61.63854851328894,51.87324758519752,67.59992850372232,46.48207567430694,28.34375,5000,5000,5000,5000
2023-04,32.49789947029008,23.03691846719127,42.85055156481644,32.5,22.5,50.05882352941176,30.0,18.328125,50.0,30,89,0.6991490590480097,0.44600939442384174,0.899205652801298,0.4658448895737031,0.35848749818046993,0.5500058563248308,0.48580610605249064,0.35444282690413764,0.60397502250225,54.08680911376589,42.12976281603916,61.76606440748695,46.48207567430694,28.34375,5000,5000,5000,5000
2023-05,27.499301235771014,19.633955442913845,35.08112619327102,38.03125,21.82991071428571,62.91666666666667,27.500000000000004,15.0,35.0,46,147,0.591610870143893,0.38118262605251707,0.7382764587898454,0.4270244821092279,0.3055463687257947,0.5620456981234978,0.5075545607162842,0.44232307292584067,0.6539376529270683,50.426313335936726,40.38872795816084,60.109691704147686,46.48207567430694,28.34375,5000,5000,5000,5000
2023-06,25.71324208038159,19.086182940568374,32.6210616851792,45.0,27.5,60.0,15.0,10.0,22.5,57,121,0.5531861842950063,0.371668222001794,0.6839930648326624,0.38645078824030676,0.31753150102953354,0.5018887527297373,0.6539293439077145,0.5523884062535914,0.7425594359727314,51.89977194931201,43.50224324545493,59.87972434986094,46.48207567430694,28.34375,5000,5000,5000,5000
2023-07,29.383080146555763,23.58190003277046,35.45973216813421,60.416666666666664,39.375,67.5,23.541666666666664,15.0,28.75,92,256,0.6321378664851087,0.4478377327699733,0.746038369276667,0.3193287172867035,0.28888832315003393,0.4185069483573936,0.5462758482232484,0.4889051857423426,0.6536805459818961,47.95353131489423,41.928250661198604,55.76669142170417,46.48207567430694,28.34375,5000,5000,5000,5000
2023-08,29.781083213550914,23.61745349521135,35.83060973652615,33.0,28.0,42.53125,28.208333333333332,16.666666666666668,42.708333333333336,86,120,0.6407003728108568,0.449333120222738,0.7592625706022088,0.46204788588894546,0.39396177601169835,0.4978039325752914,0.501197273899429,0.39347463826752227,0.6242974895835558,52.939953409769046,43.513886194801614,58.831445111709,46.48207567430694,28.34375,5000,5000,5000,5000
2023-09,41.271931705613255,37.287794051916414,45.23943525438712,36.70833333333333,27.916666666666657,42.5,16.666666666666668,15.0,20.0,178,252,0.8879106861492073,0.6686484278068626,0.9752315784804321,0.4357085668534828,0.3976927162049498,0.49767981552350105,0.6297153436704466,0.5728587319243604,0.6627634660421545,62.455384413298454,55.82194298205194,66.34982458747196,46.48207567430694,28.34375,5000,5000,5000,5000
2023-10,40.78014034512093,37.076788038643656,44.31748342153263,34.37499999999999,29.375,40.0,20.0,15.0,20.0,236,255,0.8773304495018975,0.6606084526603965,0.958460291687374,0.4519182859990035,0.40950443487543986,0.49135081835584893,0.5862960568842922,0.5691178692974025,0.6619718309859155,61.486536502695664,55.4988120486548,65.45285331589045,46.48207567430694,28.34375,5000,5000,5000,5000
2023-11,35.94284144791523,30.814964978805676,40.7012699404794,38.92857142857143,33.125,45.208333333333336,20.0,15.0,28.0,147,109,0.7732624011836611,0.5745276647412583,0.8713340398172525,0.4213285553122304,0.3747268369498602,0.45781952372601425,0.5862960568842922,0.4947351150641164,0.6563680976796926,57.5910398908809,49.93140871445775,61.208841811940665,46.48207567430694,28.34375,5000,5000,5000,5000
2023-12,40.423281061443845,36.71521526800082,44.14056433762025,34.708333333333336,29.0,39.08541666666663,20.0,15.0,20.0,258,240,0.86965309692028,0.6536228875543886,0.9514932151697104,0.4495291590946638,0.413739073522841,0.4929600952015595,0.5862960568842922,0.5687849557598766,0.6559139784946236,61.1984321948073,55.465372215717025,65.00751001476766,46.48207567430694,28.34375,5000,5000,5000,5000
2024-01,39.40252177887654,33.77213911135708,45.03891460475561,41.5,30.0,48.75,20.0,14.375,20.0,138,106,0.8476928193776071,0.6248879517540886,0.9631995149845746,0.4058165548098434,0.3673630040182048,0.47826734757776307,0.5862960568842922,0.5652173913043479,0.6703361344537815,58.644651855732796,52.52074238527434,64.4031766419734,46.48207567430694,28.34375,5000,5000,5000,5000
2024-02,41.889201128166896,38.822072052130224,44.82400865596567,36.666666666666664,31.785714285714285,40.0,20.0,15.0,20.0,455,259,0.9011904163161378,0.6864165456198322,0.9768261825759735,0.43598782246434875,0.39906103286384975,0.46681225017923633,0.5862960568842922,0.5682967959527825,0.665893271461717,61.30124558145313,55.500151365198704,64.71742233869692,46.48207567430694,28.34375,5000,5000,5000,5000
2024-03,41.88287375987609,36.28259917304552,47.239255387738076,40.0,34.15625000000001,50.0,13.333333333333332,7.2458333333333345,15.625,160,93,0.9010542914077938,0.6698311590885043,1.0,0.4147233653406493,0.35724286832524005,0.4501157857861788,0.6800799800049988,0.6363567440898752,0.7946436146093875,63.341715009507524,56.19176129521187,67.92291393655346,46.48207567430694,28.34375,5000,5000,5000,5000
2024-04,35.18767131484606,31.695486525188624,38.49486952970076,43.75,39.16666666666667,52.5,20.0,16.666666666666668,24.171874999999922,380,204,0.7570159207476208,0.5679169006448341,0.8331837299411288,0.39315127871694844,0.34667136999508674,0.42168674698795183,0.5862960568842922,0.5388515121683497,0.6271218311091034,55.880535554368535,49.23805855850833,58.37701316264386,46.48207567430694,28.34375,5000,5000,5000,5000
2024-05,35.80912090529779,29.019659099291186,42.7322832528401,47.25,32.5,60.0,23.541666666666668,14.375,38.75,63,104,0.7703855816639306,0.5505587029948279,0.9062414134417729,0.374948325754444,0.31125826683317936,0.45864887745591837,0.5462758482232483,0.41618881520877793,0.6632386676130888,54.03774135246251,44.5616963242477,61.707103255352074,46.48207567430694,28.34375,5000,5000,5000,5000
2024-06,46.48207567430694,39.882905755091784,52.95590259559305,30.0,20.625,48.33333333333333,15.0,10.0,17.875,70,166,1.0,0.7420798028040674,1.0,0.48580610605249064,0.372972972972973,0.5727138646773717,0.6539293439077145,0.6065551369978085,0.732443069127008,68.23354445533982,58.964252524291645,72.69753987763339,46.48207567430694,28.34375,5000,5000,5000,5000
2024-07,42.05405671286234,37.34682572993213,46.6653383653553,26.666666666666664,24.24791666666667,36.666666666666664,19.0,10.0,24.375,123,107,0.9047370648318058,0.6759875214898837,1.0,0.5152433251278167,0.43333321834322247,0.5432993406023392,0.5986798679867987,0.5392263110464518,0.736919081326068,65.34963060816732,57.27986480019663,70.65330973803742,46.48207567430694,28.34375,5000,5000,5000,5000
2024-08,40.50181432113925,29.09219778539394,51.557683447844056,25.0,5.0,57.5,20.0,10.0,35.0,36,54,0.8713426354909255,0.5702647379112822,1.0,0.5313415348564734,0.3275512890617089,0.8452124696781534,0.5862960568842922,0.4461774259554587,0.7346600331674958,64.74803131349269,46.93103338192839,77.27677256432713,46.48207567430694,28.34375,5000,5000,5000,5000
2024-09,38.40279819744461,33.428317550970576,43.09553889341094,26.25,21.666666666666664,36.25,23.833333333333332,16.5,32.5,112,126,0.8261850969506475,0.6133482584276138,0.9265974090600368,0.519175729822553,0.43684130494065754,0.566761230845936,0.5432222000399282,0.4583333333333333,0.6305079786989942,61.53512440852972,52.743253396458776,65.99627119861117,46.48207567430694,28.34375,5000,5000,5000,5000
2024-10,40.08625063999523,33.236367387674505,46.836119254582286,27.5,17.5,34.0625,28.33333333333333,16.25,38.125,84,69,0.8624023359213492,0.6319823085565798,0.9966197065836032,0.5075545607162842,0.44558419907699187,0.6138097216452013,0.5000918948722661,0.4205627751068937,0.632822622793451,60.267173655000605,52.108679165006585,68.55675955454537,46.48207567430694,28.34375,5000,5000,5000,5000
2024-11,41.0867992308096,37.23456377028746,44.76966193561548,27.5,25.0,32.5,22.36111111111111,15.5,23.571428571428573,257,187,0.8839278073272535,0.6675105610598663,0.9682768434522496,0.5075545607162842,0.45837134240600114,0.5359639984345195,0.5589947271108676,0.5335599396309548,0.6423611151656692,63.06219466032603,56.994806590910954,66.42688479870712,46.48207567430694,28.34375,5000,5000,5000,5000
2024-12,34.93691958961276,27.49202767734554,41.68779692401031,25.0,21.25,30.0,20.0,10.0,45.0,117,59,0.7516213310784701,0.5235678093214611,0.8791527227771356,0.5313415348564734,0.4838536013545782,0.5719033479314051,0.5862960568842922,0.3831750378857234,0.7419354838709677,61.6353611998906,48.4446290094088,69.36627841104477,46.48207567430694,28.34375,5000,5000,5000,5000
