"outcome","outcome_label","predictor","sample_month","fitted","residual","sqrt_abs_standardized_residual"
"affiliation_recognizable_ev_mean","Affiliation Recognizability","party_brand_index_10","2022-03",0.487113330885594,0.0562558488910293,0.921813026822603
"affiliation_recognizable_ev_mean","Affiliation Recognizability","party_brand_index_10","2022-04",0.541101148422607,0.0224883316562292,0.558079257697428
"affiliation_recognizable_ev_mean","Affiliation Recognizability","party_brand_index_10","2022-05",0.563131612333373,0.0172919162103174,0.489581111891193
"affiliation_recognizable_ev_mean","Affiliation Recognizability","party_brand_index_10","2022-06",0.494566796439243,-0.0926157132118136,1.17050135501434
"affiliation_recognizable_ev_mean","Affiliation Recognizability","party_brand_index_10","2022-07",0.565960897760687,-0.0428024537484582,0.770844136704123
"affiliation_recognizable_ev_mean","Affiliation Recognizability","party_brand_index_10","2022-08",0.549150322728942,-0.183184977377245,1.5912706126697
"affiliation_recognizable_ev_mean","Affiliation Recognizability","party_brand_index_10","2022-09",0.552221016904306,0.0151136678365853,0.457058690857021
"affiliation_recognizable_ev_mean","Affiliation Recognizability","party_brand_index_10","2022-10",0.616090626710722,-0.0879999672296396,1.15454866814623
"affiliation_recognizable_ev_mean","Affiliation Recognizability","party_brand_index_10","2022-11",0.544531644796804,0.0190909093568669,0.513906084867116
"affiliation_recognizable_ev_mean","Affiliation Recognizability","party_brand_index_10","2022-12",0.613384527315828,0.00496860080638524,0.273225677145417
"affiliation_recognizable_ev_mean","Affiliation Recognizability","party_brand_index_10","2023-01",0.553227104304754,-0.0671521678909572,0.963453521412448
"affiliation_recognizable_ev_mean","Affiliation Recognizability","party_brand_index_10","2023-02",0.553427301851623,0.0726117690679458,1.00186228597962
"affiliation_recognizable_ev_mean","Affiliation Recognizability","party_brand_index_10","2023-03",0.598584560900633,0.0734875602869272,1.03168376575481
"affiliation_recognizable_ev_mean","Affiliation Recognizability","party_brand_index_10","2023-04",0.553342949713824,0.0940152988974616,1.13999292093565
"affiliation_recognizable_ev_mean","Affiliation Recognizability","party_brand_index_10","2023-05",0.5314133361546,-0.0114511230354236,0.399388950742647
"affiliation_recognizable_ev_mean","Affiliation Recognizability","party_brand_index_10","2023-06",0.540240658995003,0.0180599351736098,0.500211111454488
"affiliation_recognizable_ev_mean","Affiliation Recognizability","party_brand_index_10","2023-07",0.51659918052407,-0.00899467994994926,0.356895673297319
"affiliation_recognizable_ev_mean","Affiliation Recognizability","party_brand_index_10","2023-08",0.546472267728839,0.100817244260128,1.18071050571336
"affiliation_recognizable_ev_mean","Affiliation Recognizability","party_brand_index_10","2023-09",0.608096260161922,-0.0996387541355605,1.17626806423868
"affiliation_recognizable_ev_mean","Affiliation Recognizability","party_brand_index_10","2023-10",0.602292002605919,-0.0969903760817717,1.15998710899385
"affiliation_recognizable_ev_mean","Affiliation Recognizability","party_brand_index_10","2023-11",0.578954525798604,0.0302013744918957,0.65051696189427
"affiliation_recognizable_ev_mean","Affiliation Recognizability","party_brand_index_10","2023-12",0.600566002490032,0.0190605246015755,0.514223920331998
"affiliation_recognizable_ev_mean","Affiliation Recognizability","party_brand_index_10","2024-01",0.58526659515558,0.0246160314984139,0.585861012951574
"affiliation_recognizable_ev_mean","Affiliation Recognizability","party_brand_index_10","2024-02",0.601181945786979,0.0616416673942756,0.924741814514583
"affiliation_recognizable_ev_mean","Affiliation Recognizability","party_brand_index_10","2024-03",0.613406165879696,0.044743173667156,0.78904045088192
"affiliation_recognizable_ev_mean","Affiliation Recognizability","party_brand_index_10","2024-04",0.568707089011957,0.0476044033791329,0.821443519662579
"affiliation_recognizable_ev_mean","Affiliation Recognizability","party_brand_index_10","2024-05",0.557667118699263,-0.0981860601137462,1.19027234147671
"affiliation_recognizable_ev_mean","Affiliation Recognizability","party_brand_index_10","2024-06",0.642712559290797,0.0476542263604787,0.827747749225738
"affiliation_recognizable_ev_mean","Affiliation Recognizability","party_brand_index_10","2024-07",0.625435359685858,0.0329657070446633,0.680302688636816
"affiliation_recognizable_ev_mean","Affiliation Recognizability","party_brand_index_10","2024-08",0.621831246786829,-0.156648770990419,1.48052896812311
"affiliation_recognizable_ev_mean","Affiliation Recognizability","party_brand_index_10","2024-09",0.602583087219388,0.102849488382749,1.19451918879367
"affiliation_recognizable_ev_mean","Affiliation Recognizability","party_brand_index_10","2024-10",0.594986938575963,0.0561589630623328,0.882995525926281
"affiliation_recognizable_ev_mean","Affiliation Recognizability","party_brand_index_10","2024-11",0.611731591283376,-0.0154630526250414,0.463678351936065
"affiliation_recognizable_ev_mean","Affiliation Recognizability","party_brand_index_10","2024-12",0.603183594427257,-0.0005685459361343,0.0888144873155019
"conditional_psi_mean","Conditional Partisan Strength","party_brand_index_10","2022-03",0.155491950536913,0.00655167944309357,0.634160534869288
"conditional_psi_mean","Conditional Partisan Strength","party_brand_index_10","2022-04",0.161565854090352,0.00750717959363942,0.650009279483978
"conditional_psi_mean","Conditional Partisan Strength","party_brand_index_10","2022-05",0.164044393122603,-0.00448314923717014,0.502526053297955
"conditional_psi_mean","Conditional Partisan Strength","party_brand_index_10","2022-06",0.156330503250786,-0.0145962980098053,0.936730875660668
"conditional_psi_mean","Conditional Partisan Strength","party_brand_index_10","2022-07",0.164362702096639,-0.0346349305976834,1.39782657311376
"conditional_psi_mean","Conditional Partisan Strength","party_brand_index_10","2022-08",0.162471427063144,-0.038382433493411,1.46834888979414
"conditional_psi_mean","Conditional Partisan Strength","party_brand_index_10","2022-09",0.162816895746898,0.0268142237874262,1.22725141343143
"conditional_psi_mean","Conditional Partisan Strength","party_brand_index_10","2022-10",0.170002551097645,0.00185092205538064,0.33754287568616
"conditional_psi_mean","Conditional Partisan Strength","party_brand_index_10","2022-11",0.161951802348087,0.00125124121882948,0.265219141439612
"conditional_psi_mean","Conditional Partisan Strength","party_brand_index_10","2022-12",0.169698101177636,0.0230758486350669,1.18699035583519
"conditional_psi_mean","Conditional Partisan Strength","party_brand_index_10","2023-01",0.162930085687063,0.00252332148708089,0.37648782285231
"conditional_psi_mean","Conditional Partisan Strength","party_brand_index_10","2023-02",0.16295260892743,0.00645192504356732,0.602022977693309
"conditional_psi_mean","Conditional Partisan Strength","party_brand_index_10","2023-03",0.16803302982078,0.00862902472911873,0.712663358413625
"conditional_psi_mean","Conditional Partisan Strength","party_brand_index_10","2023-04",0.162943118883697,0.00556776116928779,0.559251399054021
"conditional_psi_mean","Conditional Partisan Strength","party_brand_index_10","2023-05",0.160475926027982,-0.0125068214862921,0.841413299440966
"conditional_psi_mean","Conditional Partisan Strength","party_brand_index_10","2023-06",0.161469044661291,-0.00727668957085497,0.64006791338882
"conditional_psi_mean","Conditional Partisan Strength","party_brand_index_10","2023-07",0.158809258312367,0.011550573976801,0.815293725317599
"conditional_psi_mean","Conditional Partisan Strength","party_brand_index_10","2023-08",0.162170132279922,0.0101066212559249,0.753603493777811
"conditional_psi_mean","Conditional Partisan Strength","party_brand_index_10","2023-09",0.162320055864997,-0.000275240434622519,0.124627008537704
"conditional_psi_mean","Conditional Partisan Strength","party_brand_index_10","2023-10",0.161667047423411,-0.00912570591364208,0.717275450901215
"conditional_psi_mean","Conditional Partisan Strength","party_brand_index_10","2023-11",0.159041462804972,0.00744946129055117,0.651285780071589
"conditional_psi_mean","Conditional Partisan Strength","party_brand_index_10","2023-12",0.16147286364797,0.0248883603225647,1.18453223681632
"conditional_psi_mean","Conditional Partisan Strength","party_brand_index_10","2024-01",0.159751602652181,0.0111727936903592,0.795665192738915
"conditional_psi_mean","Conditional Partisan Strength","party_brand_index_10","2024-02",0.161542160395843,0.0236942261185298,1.15576213656989
"conditional_psi_mean","Conditional Partisan Strength","party_brand_index_10","2024-03",0.162917447215101,0.0168262269713518,0.975423328894983
"conditional_psi_mean","Conditional Partisan Strength","party_brand_index_10","2024-04",0.157888574143203,0.00686666659616804,0.628913643818538
"conditional_psi_mean","Conditional Partisan Strength","party_brand_index_10","2024-05",0.156646521436291,-0.00134819043310607,0.28116479233264
"conditional_psi_mean","Conditional Partisan Strength","party_brand_index_10","2024-06",0.166214565253928,0.00984660523626743,0.758498020289352
"conditional_psi_mean","Conditional Partisan Strength","party_brand_index_10","2024-07",0.16427079258703,-0.0395796977989586,1.50269595810365
"conditional_psi_mean","Conditional Partisan Strength","party_brand_index_10","2024-08",0.163865311588851,-0.0263617491317677,1.22434670299181
"conditional_psi_mean","Conditional Partisan Strength","party_brand_index_10","2024-09",0.161699795920178,0.0112574619177048,0.796665843440522
"conditional_psi_mean","Conditional Partisan Strength","party_brand_index_10","2024-10",0.160845190634345,0.0117193327341318,0.813138074012089
"conditional_psi_mean","Conditional Partisan Strength","party_brand_index_10","2024-11",0.162729049071684,-0.0191074634646482,1.03904561414503
"conditional_psi_mean","Conditional Partisan Strength","party_brand_index_10","2024-12",0.161767356029665,-0.0279230877008835,1.25471949238919
"observed_unconditional_psi_mean","Observed Unconditional Partisan Strength","party_brand_index_10","2022-03",0.07525700186585,0.0129968207967421,0.860425597411196
"observed_unconditional_psi_mean","Observed Unconditional Partisan Strength","party_brand_index_10","2022-04",0.0879374202277006,0.00709480879027833,0.60872812362067
"observed_unconditional_psi_mean","Observed Unconditional Partisan Strength","party_brand_index_10","2022-05",0.0931118375655128,-0.000405352533873023,0.145564440648059
"observed_unconditional_psi_mean","Observed Unconditional Partisan Strength","party_brand_index_10","2022-06",0.0770076386905578,-0.0218058955967023,1.10294105783471
"observed_unconditional_psi_mean","Observed Unconditional Partisan Strength","party_brand_index_10","2022-07",0.0937763675376464,-0.0267793741360043,1.18404499993733
"observed_unconditional_psi_mean","Observed Unconditional Partisan Strength","party_brand_index_10","2022-08",0.0898279744736063,-0.0456753790871665,1.54303562052294
"observed_unconditional_psi_mean","Observed Unconditional Partisan Strength","party_brand_index_10","2022-09",0.0905492054583228,0.0171069010962094,0.94429668205903
"observed_unconditional_psi_mean","Observed Unconditional Partisan Strength","party_brand_index_10","2022-10",0.105550615218928,-0.0154528444857845,0.939530672928221
"observed_unconditional_psi_mean","Observed Unconditional Partisan Strength","party_brand_index_10","2022-11",0.0887431599519227,0.0020425968529805,0.326435617041707
"observed_unconditional_psi_mean","Observed Unconditional Partisan Strength","party_brand_index_10","2022-12",0.104915018633967,0.0149798020226116,0.921283412247151
"observed_unconditional_psi_mean","Observed Unconditional Partisan Strength","party_brand_index_10","2023-01",0.0907855107903084,-0.0119213424179994,0.788313724206803
"observed_unconditional_psi_mean","Observed Unconditional Partisan Strength","party_brand_index_10","2023-02",0.0908325322993289,0.0153092509979398,0.8933409618891
"observed_unconditional_psi_mean","Observed Unconditional Partisan Strength","party_brand_index_10","2023-03",0.101438868375488,0.0183720867086044,1.0017392299297
"observed_unconditional_psi_mean","Observed Unconditional Partisan Strength","party_brand_index_10","2023-04",0.0908127200445313,0.0180291076944986,0.969450774885626
"observed_unconditional_psi_mean","Observed Unconditional Partisan Strength","party_brand_index_10","2023-05",0.0856619899885511,-0.00805766845385792,0.650597602950634
"observed_unconditional_psi_mean","Observed Unconditional Partisan Strength","party_brand_index_10","2023-06",0.0877353122997315,-0.00250048262242128,0.361445579967291
"observed_unconditional_psi_mean","Observed Unconditional Partisan Strength","party_brand_index_10","2023-07",0.0821825070303097,0.00359660141592068,0.438258489666343
"observed_unconditional_psi_mean","Observed Unconditional Partisan Strength","party_brand_index_10","2023-08",0.0891989648313093,0.0230703629580239,1.09682915677524
"observed_unconditional_psi_mean","Observed Unconditional Partisan Strength","party_brand_index_10","2023-09",0.0996081904604667,-0.0180884076211839,0.973258233925687
"observed_unconditional_psi_mean","Observed Unconditional Partisan Strength","party_brand_index_10","2023-10",0.0982449122720201,-0.0219314409162632,1.07116945752009
"observed_unconditional_psi_mean","Observed Unconditional Partisan Strength","party_brand_index_10","2023-11",0.0927635095606795,0.00881558600768063,0.682506231445891
"observed_unconditional_psi_mean","Observed Unconditional Partisan Strength","party_brand_index_10","2023-12",0.0978395170447162,0.0176057652976209,0.95972776894148
"observed_unconditional_psi_mean","Observed Unconditional Partisan Strength","party_brand_index_10","2024-01",0.0942460603254072,0.00954046502132446,0.708281840562825
"observed_unconditional_psi_mean","Observed Unconditional Partisan Strength","party_brand_index_10","2024-02",0.0979841870656356,0.025638672025509,1.1581553748349
"observed_unconditional_psi_mean","Observed Unconditional Partisan Strength","party_brand_index_10","2024-03",0.100855357488791,0.0186146662887194,0.988323813154598
"observed_unconditional_psi_mean","Observed Unconditional Partisan Strength","party_brand_index_10","2024-04",0.0903566372046666,0.0115113387706465,0.784427514992505
"observed_unconditional_psi_mean","Observed Unconditional Partisan Strength","party_brand_index_10","2024-05",0.0877636181004696,-0.0172878763162044,0.969902335895807
"observed_unconditional_psi_mean","Observed Unconditional Partisan Strength","party_brand_index_10","2024-06",0.107738712773064,0.0145786789354366,0.889082658290612
"observed_unconditional_psi_mean","Observed Unconditional Partisan Strength","party_brand_index_10","2024-07",0.103680721005539,-0.0198861414711691,1.02608185795527
"observed_unconditional_psi_mean","Observed Unconditional Partisan Strength","party_brand_index_10","2024-08",0.102834203004479,-0.0384994356537485,1.42533303760078
"observed_unconditional_psi_mean","Observed Unconditional Partisan Strength","party_brand_index_10","2024-09",0.0983132809308374,0.0241756597186291,1.12464896168201
"observed_unconditional_psi_mean","Observed Unconditional Partisan Strength","party_brand_index_10","2024-10",0.0965291313368776,0.0165919245546295,0.932036889373462
"observed_unconditional_psi_mean","Observed Unconditional Partisan Strength","party_brand_index_10","2024-11",0.100462040858703,-0.0144261984067553,0.869722910114804
"observed_unconditional_psi_mean","Observed Unconditional Partisan Strength","party_brand_index_10","2024-12",0.0984543253918376,-0.0169532562348718,0.941810120794602
"ingroup_self_positioning_mean","In-group Self-positioning","party_brand_index_10","2022-03",0.0146027038015239,0.00189912378951709,0.602486400539447
"ingroup_self_positioning_mean","In-group Self-positioning","party_brand_index_10","2022-04",0.0160545882730973,0.00507657155699724,0.943222452091168
"ingroup_self_positioning_mean","In-group Self-positioning","party_brand_index_10","2022-05",0.0166470494969961,0.00278209236774417,0.698554793173512
"ingroup_self_positioning_mean","In-group Self-positioning","party_brand_index_10","2022-06",0.0148031484831288,0.0133946925325764,1.58346172073389
"ingroup_self_positioning_mean","In-group Self-positioning","party_brand_index_10","2022-07",0.0167231369508878,0.00206844382341242,0.602789552695793
"ingroup_self_positioning_mean","In-group Self-positioning","party_brand_index_10","2022-08",0.0162710532408902,0.000157082107271269,0.165757842589878
"ingroup_self_positioning_mean","In-group Self-positioning","party_brand_index_10","2022-09",0.0163536328559507,-0.00266353073968619,0.682539048745453
"ingroup_self_positioning_mean","In-group Self-positioning","party_brand_index_10","2022-10",0.0180712665539569,0.0131862594515995,1.58980335502378
"ingroup_self_positioning_mean","In-group Self-positioning","party_brand_index_10","2022-11",0.0161468439826761,-0.000911066582995017,0.39935315725965
"ingroup_self_positioning_mean","In-group Self-positioning","party_brand_index_10","2022-12",0.0179984919194334,-0.00545190815097921,1.01809975969923
"ingroup_self_positioning_mean","In-group Self-positioning","party_brand_index_10","2023-01",0.0163806893798184,-0.00217371688462557,0.616614666479331
"ingroup_self_positioning_mean","In-group Self-positioning","party_brand_index_10","2023-02",0.0163860732557149,-0.00288666840525507,0.710582618994547
"ingroup_self_positioning_mean","In-group Self-positioning","party_brand_index_10","2023-03",0.0176004791380629,-0.00575296990133081,1.02682715262498
"ingroup_self_positioning_mean","In-group Self-positioning","party_brand_index_10","2023-04",0.0163838047891497,-0.00644189988242363,1.06150363526885
"ingroup_self_positioning_mean","In-group Self-positioning","party_brand_index_10","2023-05",0.0157940557152514,-0.0038406463924788,0.822783887833915
"ingroup_self_positioning_mean","In-group Self-positioning","party_brand_index_10","2023-06",0.0160314472887996,-0.0047837929724794,0.915783977460216
"ingroup_self_positioning_mean","In-group Self-positioning","party_brand_index_10","2023-07",0.0153956613459163,-0.00353045813387705,0.795381654701616
"ingroup_self_positioning_mean","In-group Self-positioning","party_brand_index_10","2023-08",0.0161990327991303,-0.000127607582987376,0.149425896187558
"ingroup_self_positioning_mean","In-group Self-positioning","party_brand_index_10","2023-09",0.0163567271887736,-0.000451132661393083,0.281550244282321
"ingroup_self_positioning_mean","In-group Self-positioning","party_brand_index_10","2023-10",0.0162006343552599,-0.000272653146344041,0.218779038593177
"ingroup_self_positioning_mean","In-group Self-positioning","party_brand_index_10","2023-11",0.0155730238733393,-0.00247251207789047,0.662103819289779
"ingroup_self_positioning_mean","In-group Self-positioning","party_brand_index_10","2023-12",0.0161542173508223,0.00870454999050759,1.23614558923351
"ingroup_self_positioning_mean","In-group Self-positioning","party_brand_index_10","2024-01",0.0157427731964455,-0.000436645405333272,0.277563041252048
"ingroup_self_positioning_mean","In-group Self-positioning","party_brand_index_10","2024-02",0.0161707818008965,-0.000632391191445133,0.333186828298953
"ingroup_self_positioning_mean","In-group Self-positioning","party_brand_index_10","2024-03",0.0164995255090033,3.64982956025721e-05,0.0801648121068648
"ingroup_self_positioning_mean","In-group Self-positioning","party_brand_index_10","2024-04",0.0152974414359911,0.00128007549672399,0.479163301016469
"ingroup_self_positioning_mean","In-group Self-positioning","party_brand_index_10","2024-05",0.0150005455399374,-0.00390000907411567,0.843851147605948
"ingroup_self_positioning_mean","In-group Self-positioning","party_brand_index_10","2024-06",0.0172876569699987,-0.00309909601423149,0.750890178671373
"ingroup_self_positioning_mean","In-group Self-positioning","party_brand_index_10","2024-07",0.0168230244109684,0.0160713190038394,1.68969516803097
"ingroup_self_positioning_mean","In-group Self-positioning","party_brand_index_10","2024-08",0.0167260996640417,-0.00643227125832117,1.0672034000051
"ingroup_self_positioning_mean","In-group Self-positioning","party_brand_index_10","2024-09",0.016208462440363,-0.0039863337907028,0.836547305608319
"ingroup_self_positioning_mean","In-group Self-positioning","party_brand_index_10","2024-10",0.0160041806086036,-0.00684190688007766,1.09634983069791
"ingroup_self_positioning_mean","In-group Self-positioning","party_brand_index_10","2024-11",0.0164544914816281,0.00498233474513441,0.936261717609674
"ingroup_self_positioning_mean","In-group Self-positioning","party_brand_index_10","2024-12",0.0162246117705257,-0.00254982603195317,0.669064396658979
"emotional_intensity_mean","Emotional Intensity","party_brand_index_10","2022-03",0.180303436211945,0.00658787150519077,0.621298107107935
"emotional_intensity_mean","Emotional Intensity","party_brand_index_10","2022-04",0.186990332112233,-0.00135851983395368,0.270158555052597
"emotional_intensity_mean","Emotional Intensity","party_brand_index_10","2022-05",0.189719011016605,0.0100375901258977,0.734659827717668
"emotional_intensity_mean","Emotional Intensity","party_brand_index_10","2022-06",0.181226617598551,-0.0127612052894023,0.855744075911023
"emotional_intensity_mean","Emotional Intensity","party_brand_index_10","2022-07",0.190069444465997,-0.0493410306794227,1.63006461241206
"emotional_intensity_mean","Emotional Intensity","party_brand_index_10","2022-08",0.187987297596767,-0.0400858743110914,1.46609889235449
"emotional_intensity_mean","Emotional Intensity","party_brand_index_10","2022-09",0.188367631776384,0.0239117573127343,1.13229933577844
"emotional_intensity_mean","Emotional Intensity","party_brand_index_10","2022-10",0.196278480027931,0.00508673405624548,0.546712465560067
"emotional_intensity_mean","Emotional Intensity","party_brand_index_10","2022-11",0.187415231157741,-0.00204875219363774,0.331576420293667
"emotional_intensity_mean","Emotional Intensity","party_brand_index_10","2022-12",0.195943304320243,0.0247231251529435,1.20039620163825
"emotional_intensity_mean","Emotional Intensity","party_brand_index_10","2023-01",0.188492245106211,-0.00356045055451127,0.436939894710927
"emotional_intensity_mean","Emotional Intensity","party_brand_index_10","2023-02",0.188517041443913,0.00697915433285395,0.611750582033205
"emotional_intensity_mean","Emotional Intensity","party_brand_index_10","2023-03",0.194110190124095,0.0156762034264809,0.938487727739085
"emotional_intensity_mean","Emotional Intensity","party_brand_index_10","2023-04",0.188506593643091,-0.00656313846671017,0.593235515251922
"emotional_intensity_mean","Emotional Intensity","party_brand_index_10","2023-05",0.185790405997544,-0.0100625469642453,0.737385233041536
"emotional_intensity_mean","Emotional Intensity","party_brand_index_10","2023-06",0.186883752452447,0.00444370349332964,0.488693146286207
"emotional_intensity_mean","Emotional Intensity","party_brand_index_10","2023-07",0.183955534334431,0.0164373573071697,0.950239094483854
"emotional_intensity_mean","Emotional Intensity","party_brand_index_10","2023-08",0.187655595449543,0.0118980215801285,0.798880578489328
"emotional_intensity_mean","Emotional Intensity","party_brand_index_10","2023-09",0.191370883941279,-0.00365546710752276,0.443743569595097
"emotional_intensity_mean","Emotional Intensity","party_brand_index_10","2023-10",0.190651972382596,-0.0151067716410352,0.901660706739921
"emotional_intensity_mean","Emotional Intensity","party_brand_index_10","2023-11",0.18776140771254,-0.00676427460324347,0.606351360577687
"emotional_intensity_mean","Emotional Intensity","party_brand_index_10","2023-12",0.190438191132948,0.0174395615500002,0.968770937862988
"emotional_intensity_mean","Emotional Intensity","party_brand_index_10","2024-01",0.188543216509989,-0.000694036930660623,0.193751618726521
"emotional_intensity_mean","Emotional Intensity","party_brand_index_10","2024-02",0.190514481468343,0.0216683998459488,1.0798543896628
"emotional_intensity_mean","Emotional Intensity","party_brand_index_10","2024-03",0.192028565403412,0.01041562112258,0.749802584272843
"emotional_intensity_mean","Emotional Intensity","party_brand_index_10","2024-04",0.186492166869639,-0.00301891896688746,0.407425627572374
"emotional_intensity_mean","Emotional Intensity","party_brand_index_10","2024-05",0.185124763340636,0.014690617666481,0.906796685148268
"emotional_intensity_mean","Emotional Intensity","party_brand_index_10","2024-06",0.195658436194513,-0.00307566026566892,0.414176018112064
"emotional_intensity_mean","Emotional Intensity","party_brand_index_10","2024-07",0.193518493509712,-0.0343721239912261,1.36817813439523
"emotional_intensity_mean","Emotional Intensity","party_brand_index_10","2024-08",0.19307209043457,-0.0190164179366544,1.0159825311782
"emotional_intensity_mean","Emotional Intensity","party_brand_index_10","2024-09",0.190688025933142,0.0175560224141345,0.972016409712359
"emotional_intensity_mean","Emotional Intensity","party_brand_index_10","2024-10",0.189747171912012,0.0336017827198551,1.34523634749338
"emotional_intensity_mean","Emotional Intensity","party_brand_index_10","2024-11",0.191821153685107,-0.00626915624596595,0.581489960274512
"emotional_intensity_mean","Emotional Intensity","party_brand_index_10","2024-12",0.190762404364603,-0.0233991776301347,1.12219880308629
"outgroup_construction_mean","Out-group Construction","party_brand_index_10","2022-03",0.27156971159727,0.0111680430345732,0.552865294006218
"outgroup_construction_mean","Out-group Construction","party_brand_index_10","2022-04",0.281652641885727,0.0188034870578747,0.686923302143237
"outgroup_construction_mean","Out-group Construction","party_brand_index_10","2022-05",0.285767118854209,-0.0262691302051523,0.812264978033589
"outgroup_construction_mean","Out-group Construction","party_brand_index_10","2022-06",0.272961743670678,-0.0444223812725901,1.09119480433486
"outgroup_construction_mean","Out-group Construction","party_brand_index_10","2022-07",0.286295524873034,-0.0566322049370401,1.19353666317965
"outgroup_construction_mean","Out-group Construction","party_brand_index_10","2022-08",0.283155930351774,-0.0752185082764127,1.3725660788402
"outgroup_construction_mean","Out-group Construction","party_brand_index_10","2022-09",0.283729422608358,0.0591944447892304,1.21758502821127
"outgroup_construction_mean","Out-group Construction","party_brand_index_10","2022-10",0.295657906711047,-0.0127202273417032,0.590867652445771
"outgroup_construction_mean","Out-group Construction","party_brand_index_10","2022-11",0.282293331903843,0.00671354243312123,0.410221208777402
"outgroup_construction_mean","Out-group Construction","party_brand_index_10","2022-12",0.295152507293231,0.0499563289032367,1.16619588616802
"outgroup_construction_mean","Out-group Construction","party_brand_index_10","2023-01",0.283917322575158,0.0133041319003795,0.577252482495804
"outgroup_construction_mean","Out-group Construction","party_brand_index_10","2023-02",0.283954712082664,0.015263289203103,0.618301606362037
"outgroup_construction_mean","Out-group Construction","party_brand_index_10","2023-03",0.292388420200182,0.0159638406622061,0.647262077539752
"outgroup_construction_mean","Out-group Construction","party_brand_index_10","2023-04",0.283938958218849,0.0297083218569972,0.862608509076247
"outgroup_construction_mean","Out-group Construction","party_brand_index_10","2023-05",0.279843316371152,-0.0236172711021522,0.772073509138465
"outgroup_construction_mean","Out-group Construction","party_brand_index_10","2023-06",0.281491934242627,-0.0214899792334152,0.734488546459335
"outgroup_construction_mean","Out-group Construction","party_brand_index_10","2023-07",0.277076579256754,0.0217448227571102,0.746961383754459
"outgroup_construction_mean","Out-group Construction","party_brand_index_10","2023-08",0.282655768591092,0.0185494497706336,0.681731436563818
"outgroup_construction_mean","Out-group Construction","party_brand_index_10","2023-09",0.279232556464938,0.00328087846504824,0.287315477633139
"outgroup_construction_mean","Out-group Construction","party_brand_index_10","2023-10",0.278148535532376,-0.011997692953547,0.549173410389042
"outgroup_construction_mean","Out-group Construction","party_brand_index_10","2023-11",0.273789956829036,0.0315851705527874,0.89548573648458
"outgroup_construction_mean","Out-group Construction","party_brand_index_10","2023-12",0.27782618246014,0.0485209694271862,1.10438722332014
"outgroup_construction_mean","Out-group Construction","party_brand_index_10","2024-01",0.274968818250109,0.0346490634070715,0.935627799849777
"outgroup_construction_mean","Out-group Construction","party_brand_index_10","2024-02",0.277941217918288,0.0500466697010857,1.12161210355903
"outgroup_construction_mean","Out-group Construction","party_brand_index_10","2024-03",0.280224250732888,0.0400265614958728,1.00457370429546
"outgroup_construction_mean","Out-group Construction","party_brand_index_10","2024-04",0.271876114123979,0.0223388432586676,0.757454018083534
"outgroup_construction_mean","Out-group Construction","party_brand_index_10","2024-05",0.269814255428298,-0.0148351798916837,0.62278712021626
"outgroup_construction_mean","Out-group Construction","party_brand_index_10","2024-06",0.285697602597272,0.0357145719887027,0.964587901605702
"outgroup_construction_mean","Out-group Construction","party_brand_index_10","2024-07",0.28247085984041,-0.100438288409489,1.59842561384732
"outgroup_construction_mean","Out-group Construction","party_brand_index_10","2024-08",0.281797744667941,-0.0536365582003275,1.1661533198024
"outgroup_construction_mean","Out-group Construction","party_brand_index_10","2024-09",0.27820289938703,0.0202026971296828,0.712637264248437
"outgroup_construction_mean","Out-group Construction","party_brand_index_10","2024-10",0.276784219382418,0.00839812236261783,0.459633686668027
"outgroup_construction_mean","Out-group Construction","party_brand_index_10","2024-11",0.279911502048318,-0.056035568893113,1.18815441101631
"outgroup_construction_mean","Out-group Construction","party_brand_index_10","2024-12",0.278315051953866,-0.0578202594405625,1.20562665211352
"rep_skew_mean","Republican Skew","q1_stance_republican_10","2022-03",0.200965001243356,-0.00964559680737861,0.397469084553467
"rep_skew_mean","Republican Skew","q1_stance_republican_10","2022-04",0.188162211423636,-0.0340505592609305,0.735194592520409
"rep_skew_mean","Republican Skew","q1_stance_republican_10","2022-05",0.167392811532341,0.151312488088722,1.53708276175669
"rep_skew_mean","Republican Skew","q1_stance_republican_10","2022-06",0.231555146025451,0.00203269277782801,0.198496280708753
"rep_skew_mean","Republican Skew","q1_stance_republican_10","2022-07",0.159116881276062,0.173990264076898,1.6518667031774
"rep_skew_mean","Republican Skew","q1_stance_republican_10","2022-08",0.210845301403511,0.0050432554945211,0.292831597267502
"rep_skew_mean","Republican Skew","q1_stance_republican_10","2022-09",0.157786216759567,-0.0500673378127512,0.886686630270105
"rep_skew_mean","Republican Skew","q1_stance_republican_10","2022-10",0.139292667045828,0.0107637567370029,0.418580035680386
"rep_skew_mean","Republican Skew","q1_stance_republican_10","2022-11",0.140153299439754,0.00952144749840089,0.393198179286852
"rep_skew_mean","Republican Skew","q1_stance_republican_10","2022-12",0.152164247639337,-0.0672035560806463,1.03103517703695
"rep_skew_mean","Republican Skew","q1_stance_republican_10","2023-01",0.168583742344348,0.00262158444326415,0.202309190730123
"rep_skew_mean","Republican Skew","q1_stance_republican_10","2023-02",0.16781854542051,-0.0344797377534893,0.733718207970303
"rep_skew_mean","Republican Skew","q1_stance_republican_10","2023-03",0.144407585981017,-0.028124744956491,0.672071102230181
"rep_skew_mean","Republican Skew","q1_stance_republican_10","2023-04",0.146315867178138,-0.0596082182440116,0.97631467368007
"rep_skew_mean","Republican Skew","q1_stance_republican_10","2023-05",0.166959119104274,0.0190829748755862,0.545882704229622
"rep_skew_mean","Republican Skew","q1_stance_republican_10","2023-06",0.179052967154516,-0.0178775715127005,0.52948813427805
"rep_skew_mean","Republican Skew","q1_stance_republican_10","2023-07",0.169421516743212,-0.0478262827023224,0.864102401579842
"rep_skew_mean","Republican Skew","q1_stance_republican_10","2023-08",0.154018309189339,-0.025484858861502,0.634050126516902
"rep_skew_mean","Republican Skew","q1_stance_republican_10","2023-09",0.1720212979191,0.045683411550845,0.846264471183184
"rep_skew_mean","Republican Skew","q1_stance_republican_10","2023-10",0.172387608548309,0.0261620525788204,0.640451813125646
"rep_skew_mean","Republican Skew","q1_stance_republican_10","2023-11",0.180182133647464,-0.0587801713009686,0.962507106600637
"rep_skew_mean","Republican Skew","q1_stance_republican_10","2023-12",0.172626721698706,0.0522068365961857,0.904755326834222
"rep_skew_mean","Republican Skew","q1_stance_republican_10","2024-01",0.172689898937559,-0.0117217380147777,0.428714448887812
"rep_skew_mean","Republican Skew","q1_stance_republican_10","2024-02",0.168289796714853,-0.0315275075525576,0.70287973544341
"rep_skew_mean","Republican Skew","q1_stance_republican_10","2024-03",0.166613570670343,-0.0804653566816574,1.12302470351346
"rep_skew_mean","Republican Skew","q1_stance_republican_10","2024-04",0.188180303000836,-0.0677055401316078,1.03887022522925
"rep_skew_mean","Republican Skew","q1_stance_republican_10","2024-05",0.176372009069312,0.0069146522267962,0.329583518057574
"rep_skew_mean","Republican Skew","q1_stance_republican_10","2024-06",0.158130762272886,-0.0313025099938713,0.702224159641991
"rep_skew_mean","Republican Skew","q1_stance_republican_10","2024-07",0.167633978884316,0.133788388503804,1.44796426962932
"rep_skew_mean","Republican Skew","q1_stance_republican_10","2024-08",0.159425754510233,0.00404984562025854,0.25243178870217
"rep_skew_mean","Republican Skew","q1_stance_republican_10","2024-09",0.160618463702213,-0.0888549601859769,1.18182967661756
"rep_skew_mean","Republican Skew","q1_stance_republican_10","2024-10",0.159548593301881,-0.0560949447979675,0.939428307389129
"rep_skew_mean","Republican Skew","q1_stance_republican_10","2024-11",0.162678039880437,0.0905095470085259,1.19196771031357
"rep_skew_mean","Republican Skew","q1_stance_republican_10","2024-12",0.165378161792551,0.0671379945741486,1.02598346355549
"dem_skew_mean","Democratic Skew","q1_stance_democratic_10","2022-03",0.786837088455899,-0.0311848316799057,0.6503062477832
"dem_skew_mean","Democratic Skew","q1_stance_democratic_10","2022-04",0.760087835835834,0.0395370331531428,0.74027188415897
"dem_skew_mean","Democratic Skew","q1_stance_democratic_10","2022-05",0.76088912283458,-0.126980034161739,1.32579186398425
"dem_skew_mean","Democratic Skew","q1_stance_democratic_10","2022-06",0.754476665246401,-0.0397269012944558,0.745873920799335
"dem_skew_mean","Democratic Skew","q1_stance_democratic_10","2022-07",0.761199995612564,-0.155909509331899,1.46871370537882
"dem_skew_mean","Democratic Skew","q1_stance_democratic_10","2022-08",0.744289117693564,0.00753869926073964,0.328909942803237
"dem_skew_mean","Democratic Skew","q1_stance_democratic_10","2022-09",0.760315225262811,0.0943373374597545,1.14327362196146
"dem_skew_mean","Democratic Skew","q1_stance_democratic_10","2022-10",0.806662147221601,-0.00316860474994734,0.208439129245374
"dem_skew_mean","Democratic Skew","q1_stance_democratic_10","2022-11",0.826505803615655,-0.0159588461437059,0.476223586828066
"dem_skew_mean","Democratic Skew","q1_stance_democratic_10","2022-12",0.764979412247253,0.118144919924598,1.27502475866913
"dem_skew_mean","Democratic Skew","q1_stance_democratic_10","2023-01",0.787420565732129,-0.0079556227094477,0.328459988060773
"dem_skew_mean","Democratic Skew","q1_stance_democratic_10","2023-02",0.767764804695694,0.052823525441201,0.851086781740527
"dem_skew_mean","Democratic Skew","q1_stance_democratic_10","2023-03",0.808653251730478,0.0343923409668634,0.687544029900176
"dem_skew_mean","Democratic Skew","q1_stance_democratic_10","2023-04",0.831968043280857,0.05149122551055,0.861777599681985
"dem_skew_mean","Democratic Skew","q1_stance_democratic_10","2023-05",0.816499660009584,-0.0639340616814735,0.94305606203299
"dem_skew_mean","Democratic Skew","q1_stance_democratic_10","2023-06",0.800651891589357,-0.000512498705631415,0.0835851731708269
"dem_skew_mean","Democratic Skew","q1_stance_democratic_10","2023-07",0.799923291283085,0.042314004570166,0.759283705308217
"dem_skew_mean","Democratic Skew","q1_stance_democratic_10","2023-08",0.831255699220316,0.00475182417118994,0.261522825535225
"dem_skew_mean","Democratic Skew","q1_stance_democratic_10","2023-09",0.757031971671874,-0.0284078770532999,0.624098917205081
"dem_skew_mean","Democratic Skew","q1_stance_democratic_10","2023-10",0.759151835485078,-0.0186067796891614,0.504625521789141
"dem_skew_mean","Democratic Skew","q1_stance_democratic_10","2023-11",0.770833608590708,0.0478889252637416,0.807399467028539
"dem_skew_mean","Democratic Skew","q1_stance_democratic_10","2023-12",0.76074847058489,-0.0308260097925242,0.649126855224711
"dem_skew_mean","Democratic Skew","q1_stance_democratic_10","2024-01",0.766673521268603,0.0174064271831741,0.487011610864806
"dem_skew_mean","Democratic Skew","q1_stance_democratic_10","2024-02",0.761528567898133,0.0565206744308233,0.8787358000523
"dem_skew_mean","Democratic Skew","q1_stance_democratic_10","2024-03",0.765233115328857,0.101007981195574,1.17351246608855
"dem_skew_mean","Democratic Skew","q1_stance_democratic_10","2024-04",0.757822242421836,0.0628020462801444,0.927608527461954
"dem_skew_mean","Democratic Skew","q1_stance_democratic_10","2024-05",0.779963046576166,-0.0258465911097471,0.593573168553094
"dem_skew_mean","Democratic Skew","q1_stance_democratic_10","2024-06",0.756471335923846,0.082289133281691,1.06248085452286
"dem_skew_mean","Democratic Skew","q1_stance_democratic_10","2024-07",0.76198402103458,-0.186465039054436,1.59583919999411
"dem_skew_mean","Democratic Skew","q1_stance_democratic_10","2024-08",0.789160825077077,-0.0279044470019484,0.618720792499651
"dem_skew_mean","Democratic Skew","q1_stance_democratic_10","2024-09",0.79901966899861,0.0910385237692267,1.12462996660799
"dem_skew_mean","Democratic Skew","q1_stance_democratic_10","2024-10",0.79136052669546,0.0631345967307764,0.931725094418664
"dem_skew_mean","Democratic Skew","q1_stance_democratic_10","2024-11",0.778571245350368,-0.0967419776074851,1.14806270192461
"dem_skew_mean","Democratic Skew","q1_stance_democratic_10","2024-12",0.809194354160706,-0.107289586826549,1.23301694194651
"direction_slope","Conditional Partisan Strength Direction Slope","party_brand_index_10","2022-03",-0.0372835795239316,-0.00426838832779622,0.645778149430843
"direction_slope","Conditional Partisan Strength Direction Slope","party_brand_index_10","2022-04",-0.0430703981454264,-0.00419788076549502,0.613231840400994
"direction_slope","Conditional Partisan Strength Direction Slope","party_brand_index_10","2022-05",-0.0454317882629577,0.000741652831859147,0.257867023398469
"direction_slope","Conditional Partisan Strength Direction Slope","party_brand_index_10","2022-06",-0.038082497784166,0.00729543356704389,0.835502052243243
"direction_slope","Conditional Partisan Strength Direction Slope","party_brand_index_10","2022-07",-0.045735052264787,0.0115995670387838,1.02057638269777
"direction_slope","Conditional Partisan Strength Direction Slope","party_brand_index_10","2022-08",-0.0439331689312915,0.00272215766838276,0.493342053515642
"direction_slope","Conditional Partisan Strength Direction Slope","party_brand_index_10","2022-09",-0.0442623089307503,-0.0182655100402956,1.27789544189467
"direction_slope","Conditional Partisan Strength Direction Slope","party_brand_index_10","2022-10",-0.0511083320566524,0.0063232336734465,0.787105576826837
"direction_slope","Conditional Partisan Strength Direction Slope","party_brand_index_10","2022-11",-0.0434381044392687,0.00954903843900339,0.924363221163962
"direction_slope","Conditional Partisan Strength Direction Slope","party_brand_index_10","2022-12",-0.0508182720563708,-0.0032111990698589,0.558637978229998
"direction_slope","Conditional Partisan Strength Direction Slope","party_brand_index_10","2023-01",-0.0443701489133495,-9.32943014077666e-05,0.0913315214641692
"direction_slope","Conditional Partisan Strength Direction Slope","party_brand_index_10","2023-02",-0.0443916075857881,0.00708144755925745,0.795715697269937
"direction_slope","Conditional Partisan Strength Direction Slope","party_brand_index_10","2023-03",-0.0492319008127059,-0.0055927724233927,0.723845102273954
"direction_slope","Conditional Partisan Strength Direction Slope","party_brand_index_10","2023-04",-0.0443825660919095,-0.00248900418106438,0.471745847916173
"direction_slope","Conditional Partisan Strength Direction Slope","party_brand_index_10","2023-05",-0.0420319858703679,-0.0115495697140969,1.02011067437423
"direction_slope","Conditional Partisan Strength Direction Slope","party_brand_index_10","2023-06",-0.042978164444002,0.0033884311505962,0.551044863348009
"direction_slope","Conditional Partisan Strength Direction Slope","party_brand_index_10","2023-07",-0.0404440937203342,0.0103744262170066,0.974816458606308
"direction_slope","Conditional Partisan Strength Direction Slope","party_brand_index_10","2023-08",-0.0436461149392801,-0.00940776932197225,0.917300712372215
"direction_slope","Conditional Partisan Strength Direction Slope","party_brand_index_10","2023-09",-0.0417006811595361,-0.0114030069290334,1.01203198919197
"direction_slope","Conditional Partisan Strength Direction Slope","party_brand_index_10","2023-10",-0.0410785373641141,0.00338607033360077,0.551225389546761
"direction_slope","Conditional Partisan Strength Direction Slope","party_brand_index_10","2023-11",-0.0385770518155515,0.0158165805254095,1.19727510849555
"direction_slope","Conditional Partisan Strength Direction Slope","party_brand_index_10","2023-12",-0.0408935317449395,-0.00398912723845984,0.598296109920697
"direction_slope","Conditional Partisan Strength Direction Slope","party_brand_index_10","2024-01",-0.0392536266830218,-0.00733764915152267,0.813497896261447
"direction_slope","Conditional Partisan Strength Direction Slope","party_brand_index_10","2024-02",-0.0409595531605694,-0.0170348357488011,1.23635920467812
"direction_slope","Conditional Partisan Strength Direction Slope","party_brand_index_10","2024-03",-0.0422698366225242,9.7993077727385e-05,0.0939130529318914
"direction_slope","Conditional Partisan Strength Direction Slope","party_brand_index_10","2024-04",-0.0374786547933177,-0.00707536866278772,0.805417507700305
"direction_slope","Conditional Partisan Strength Direction Slope","party_brand_index_10","2024-05",-0.0362953080921392,0.00173176012550564,0.402029273751802
"direction_slope","Conditional Partisan Strength Direction Slope","party_brand_index_10","2024-06",-0.0454111153564523,-0.0153209859446727,1.1936665896742
"direction_slope","Conditional Partisan Strength Direction Slope","party_brand_index_10","2024-07",-0.0435592157064508,0.0353637277331811,1.79201810644559
"direction_slope","Conditional Partisan Strength Direction Slope","party_brand_index_10","2024-08",-0.0431728998931884,-0.00554230379448034,0.708257140019532
"direction_slope","Conditional Partisan Strength Direction Slope","party_brand_index_10","2024-09",-0.041109737993043,-0.0121747334362185,1.04523556327155
"direction_slope","Conditional Partisan Strength Direction Slope","party_brand_index_10","2024-10",-0.0402955258906316,-0.0067418054076647,0.778089319296174
"direction_slope","Conditional Partisan Strength Direction Slope","party_brand_index_10","2024-11",-0.0420903431756846,0.0154327017750336,1.17810112183235
"direction_slope","Conditional Partisan Strength Direction Slope","party_brand_index_10","2024-12",-0.0411741048530379,0.0147909827431831,1.15210465917025
